This is LuaHBTeX, Version 1.24.0 (TeX Live 2026/Arch Linux)  (format=lualatex 2026.4.26)  18 MAY 2026 10:32
 restricted system commands enabled.
**Anteproyecto-PPS-Juan-Ignacio-Gone.tex
(./Anteproyecto-PPS-Juan-Ignacio-Gone.tex
LaTeX2e <2025-11-01>
L3 programming layer <2026-01-19>
Lua module: luaotfload 2024-12-03 v3.29 Lua based OpenType font support
Lua module: lualibs 2023-07-13 v2.76 ConTeXt Lua standard libraries.
Lua module: lualibs-extended 2023-07-13 v2.76 ConTeXt Lua libraries -- extended
collection.
luaotfload | conf : Root cache directory is "/home/spendice/.texlive/texmf-var/l
uatex-cache/generic/names".
luaotfload | init : Loading fontloader "fontloader-2023-12-28.lua" from kpse-res
olved path "/usr/share/texmf-dist/tex/luatex/luaotfload/fontloader-2023-12-28.lu
a".
Lua-only attribute luaotfload@noligature = 1
luaotfload | init : Context OpenType loader version 3.134
Inserting `luaotfload.node_processor' in `pre_linebreak_filter'.
Inserting `luaotfload.node_processor' in `hpack_filter'.
Inserting `luaotfload.glyph_stream' in `glyph_stream_provider'.
Inserting `luaotfload.define_font' in `define_font'.
Lua-only attribute luaotfload_color_attribute = 2
luaotfload | conf : Root cache directory is "/home/spendice/.texlive/texmf-var/l
uatex-cache/generic/names".
Inserting `luaotfload.harf.strip_prefix' in `find_opentype_file'.
Inserting `luaotfload.harf.strip_prefix' in `find_truetype_file'.
Removing  `luaotfload.glyph_stream' from `glyph_stream_provider'.
Inserting `luaotfload.harf.glyphstream' in `glyph_stream_provider'.
Inserting `luaotfload.harf.finalize_vlist' in `post_linebreak_filter'.
Inserting `luaotfload.harf.finalize_hlist' in `hpack_filter'.
Inserting `luaotfload.cleanup_files' in `wrapup_run'.
Inserting `luaotfload.harf.finalize_unicode' in `finish_pdffile'.
Inserting `luaotfload.glyphinfo' in `glyph_info'.
Lua-only attribute luaotfload.letterspace_done = 3
Inserting `luaotfload.aux.set_sscale_dimens' in `luaotfload.patch_font'.
Inserting `luaotfload.aux.set_font_index' in `luaotfload.patch_font'.
Inserting `luaotfload.aux.patch_cambria_domh' in `luaotfload.patch_font'.
Inserting `luaotfload.aux.fixup_fontdata' in `luaotfload.patch_font_unsafe'.
Inserting `luaotfload.aux.set_capheight' in `luaotfload.patch_font'.
Inserting `luaotfload.aux.set_xheight' in `luaotfload.patch_font'.
Inserting `luaotfload.rewrite_fontname' in `luaotfload.patch_font'.
Inserting `tracingstacklevels' in `input_level_string'. (/usr/share/texmf-dist/
tex/latex/base/article.cls
Document Class: article 2025/01/22 v1.4n Standard LaTeX document class
(/usr/share/texmf-dist/tex/latex/base/size12.clo
File: size12.clo 2025/01/22 v1.4n Standard LaTeX file (size option)
luaotfload | db : Font names database loaded from /home/spendice/.texlive/texmf-
var/luatex-cache/generic/names/luaotfload-names.luc.gz)
\c@part=\count273
\c@section=\count274
\c@subsection=\count275
\c@subsubsection=\count276
\c@paragraph=\count277
\c@subparagraph=\count278
\c@figure=\count279
\c@table=\count280
\abovecaptionskip=\skip49
\belowcaptionskip=\skip50
\bibindent=\dimen147
)
(/usr/share/texmf-dist/tex/latex/fontspec/fontspec.sty
(/usr/share/texmf-dist/tex/latex/l3packages/xparse/xparse.sty
(/usr/share/texmf-dist/tex/latex/l3kernel/expl3.sty
Package: expl3 2026-01-19 L3 programming layer (loader)

(/usr/share/texmf-dist/tex/latex/l3backend/l3backend-luatex.def
File: l3backend-luatex.def 2025-10-09 L3 backend support: PDF output (LuaTeX)
\l__color_backend_stack_int=\count281
Inserting `l3color' in `luaotfload.parse_color'.))
Package: xparse 2025-10-09 L3 Experimental document command parser
)
Package: fontspec 2025/09/29 v2.9g Font selection for XeLaTeX and LuaLaTeX
Lua module: fontspec 2025/09/29 v2.9g Font selection for XeLaTeX and LuaLaTeX
(/usr/share/texmf-dist/tex/latex/fontspec/fontspec-luatex.sty
Package: fontspec-luatex 2025/09/29 v2.9g Font selection for XeLaTeX and LuaLaT
eX
\l__fontspec_script_int=\count282
\l__fontspec_language_int=\count283
\l__fontspec_strnum_int=\count284
\l__fontspec_tmp_int=\count285
\l__fontspec_tmpa_int=\count286
\l__fontspec_tmpb_int=\count287
\l__fontspec_tmpc_int=\count288
\l__fontspec_em_int=\count289
\l__fontspec_emdef_int=\count290
\l__fontspec_strong_int=\count291
\l__fontspec_strongdef_int=\count292
\l__fontspec_tmpa_dim=\dimen148
\l__fontspec_tmpb_dim=\dimen149
\l__fontspec_tmpc_dim=\dimen150

(/usr/share/texmf-dist/tex/latex/base/fontenc.sty
Package: fontenc 2025/07/18 v2.1d Standard LaTeX package
)
(/usr/share/texmf-dist/tex/latex/fontspec/fontspec.cfg)))
(/usr/share/texmf-dist/tex/latex/polyglossia/polyglossia.sty
Package: polyglossia 2025/12/01 v2.9 Modern multilingual typesetting with XeLaT
eX and LuaLaTeX

(/usr/share/texmf-dist/tex/latex/etoolbox/etoolbox.sty
Package: etoolbox 2025/10/02 v2.5m e-TeX tools for LaTeX (JAW)
\etb@tempcnta=\count293
)
(/usr/share/texmf-dist/tex/generic/iftex/iftex.sty
Package: iftex 2024/12/12 v1.0g TeX engine tests
)
Lua module: polyglossia 2013/05/11 v1.3 Polyglossia
\l_xpg_alias_keyvals_int=\count294

(/usr/share/texmf-dist/tex/latex/polyglossia/gloss-latex.ldf
File: gloss-latex.ldf polyglossia: module for default language
)

Package polyglossia Info: Setting LuaTeX font renderer to Harfbuzz

)
(/usr/share/texmf-dist/tex/latex/polyglossia/gloss-spanish.ldf
File: gloss-spanish.ldf polyglossia: module for Spanish

Module polyglossia Warning: Language spanish not found in language.dat.lua on in
put line 17
Module polyglossia Warning: Language spanish not found in language.dat.lua on in
put line 17

Package polyglossia Warning: No hyphenation patterns were loaded for `spanish'
(polyglossia)                I will use \language=\l@nohyphenation instead.

\l@spanish = a dialect from \language\l@nohyphenation
)

Package polyglossia Info: Default language is spanish

 (/usr/share/texmf-dist/tex/latex/geometry/geometry.sty
Package: geometry 2020/01/02 v5.9 Page Geometry

(/usr/share/texmf-dist/tex/latex/graphics/keyval.sty
Package: keyval 2022/05/29 v1.15 key=value parser (DPC)
\KV@toks@=\toks17
)
(/usr/share/texmf-dist/tex/generic/iftex/ifvtex.sty
Package: ifvtex 2019/10/25 v1.7 ifvtex legacy package. Use iftex instead.
)
\Gm@cnth=\count295
\Gm@cntv=\count296
\c@Gm@tempcnt=\count297
\Gm@bindingoffset=\dimen151
\Gm@wd@mp=\dimen152
\Gm@odd@mp=\dimen153
\Gm@even@mp=\dimen154
\Gm@layoutwidth=\dimen155
\Gm@layoutheight=\dimen156
\Gm@layouthoffset=\dimen157
\Gm@layoutvoffset=\dimen158
\Gm@dimlist=\toks18
)
(/usr/share/texmf-dist/tex/latex/microtype/microtype.sty
Package: microtype 2026/03/01 v3.2d Micro-typographical refinements (RS)
\MT@toks=\toks19
\MT@tempbox=\box53
\MT@count=\count298
LaTeX Info: Redefining \noprotrusionifhmode on input line 1084.
LaTeX Info: Redefining \leftprotrusion on input line 1085.
\MT@prot@toks=\toks20
LaTeX Info: Redefining \rightprotrusion on input line 1104.
LaTeX Info: Redefining \textls on input line 1449.
\MT@outer@kern=\dimen159
LaTeX Info: Redefining \microtypecontext on input line 2053.
LaTeX Info: Redefining \textmicrotypecontext on input line 2070.
\MT@listname@count=\count299

(/usr/share/texmf-dist/tex/latex/microtype/microtype-luatex.def
File: microtype-luatex.def 2026/03/01 v3.2d Definitions specific to luatex (RS)

Lua module: microtype 2026/03/01 v3.2d microtype module.
Module microtype Info: overwriting function `keepligature' on input line 63
LaTeX Info: Redefining \lsstyle on input line 779.
LaTeX Info: Redefining \lslig on input line 779.
\MT@outer@space=\skip51
)
Package microtype Info: Loading configuration file microtype.cfg.

(/usr/share/texmf-dist/tex/latex/microtype/microtype.cfg
File: microtype.cfg 2026/03/01 v3.2d microtype main configuration file (RS)
)
LaTeX Info: Redefining \microtypesetup on input line 3065.
)
(/usr/share/texmf-dist/tex/latex/booktabs/booktabs.sty
Package: booktabs 2020/01/12 v1.61803398 Publication quality tables
\heavyrulewidth=\dimen160
\lightrulewidth=\dimen161
\cmidrulewidth=\dimen162
\belowrulesep=\dimen163
\belowbottomsep=\dimen164
\aboverulesep=\dimen165
\abovetopsep=\dimen166
\cmidrulesep=\dimen167
\cmidrulekern=\dimen168
\defaultaddspace=\dimen169
\@cmidla=\count300
\@cmidlb=\count301
\@aboverulesep=\dimen170
\@belowrulesep=\dimen171
\@thisruleclass=\count302
\@lastruleclass=\count303
\@thisrulewidth=\dimen172
)
(/usr/share/texmf-dist/tex/latex/tools/tabularx.sty
Package: tabularx 2023/12/11 v2.12a `tabularx' package (DPC)

(/usr/share/texmf-dist/tex/latex/tools/array.sty
Package: array 2025/09/25 v2.6n Tabular extension package (FMi)
\col@sep=\dimen173
\ar@mcellbox=\box54
\extrarowheight=\dimen174
\NC@list=\toks21
\extratabsurround=\skip52
\backup@length=\skip53
\ar@cellbox=\box55
)
\TX@col@width=\dimen175
\TX@old@table=\dimen176
\TX@old@col=\dimen177
\TX@target=\dimen178
\TX@delta=\dimen179
\TX@cols=\count304
\TX@ftn=\toks22
)
(/usr/share/texmf-dist/tex/latex/tools/longtable.sty
Package: longtable 2025-10-13 v4.24 Multi-page Table package (DPC)
\LTleft=\skip54
\LTright=\skip55
\LTpre=\skip56
\LTpost=\skip57
\LTchunksize=\count305
\LTcapwidth=\dimen180
\LT@head=\box56
\LT@firsthead=\box57
\LT@foot=\box58
\LT@lastfoot=\box59
\LT@gbox=\box60
\LT@cols=\count306
\LT@rows=\count307
\c@LT@tables=\count308
\c@LT@chunks=\count309
\LT@p@ftn=\toks23
)
(/usr/share/texmf-dist/tex/latex/graphics/graphicx.sty
Package: graphicx 2024/12/31 v1.2e Enhanced LaTeX Graphics (DPC,SPQR)

(/usr/share/texmf-dist/tex/latex/graphics/graphics.sty
Package: graphics 2024/08/06 v1.4g Standard LaTeX Graphics (DPC,SPQR)

(/usr/share/texmf-dist/tex/latex/graphics/trig.sty
Package: trig 2023/12/02 v1.11 sin cos tan (DPC)
)
(/usr/share/texmf-dist/tex/latex/graphics-cfg/graphics.cfg
File: graphics.cfg 2016/06/04 v1.11 sample graphics configuration
)
Package graphics Info: Driver file: luatex.def on input line 106.

(/usr/share/texmf-dist/tex/latex/graphics-def/luatex.def
File: luatex.def 2025/09/29 v1.2f Graphics/color driver for luatex
))
\Gin@req@height=\dimen181
\Gin@req@width=\dimen182
)
(/usr/share/texmf-dist/tex/latex/float/float.sty
Package: float 2001/11/08 v1.3d Float enhancements (AL)
\c@float@type=\count310
\float@exts=\toks24
\float@box=\box61
\@float@everytoks=\toks25
\@floatcapt=\box62
)
(/usr/share/texmf-dist/tex/latex/pgf/frontendlayer/tikz.sty
(/usr/share/texmf-dist/tex/latex/pgf/basiclayer/pgf.sty
(/usr/share/texmf-dist/tex/latex/pgf/utilities/pgfrcs.sty
(/usr/share/texmf-dist/tex/generic/pgf/utilities/pgfutil-common.tex
\pgfutil@everybye=\toks26
\pgfutil@tempdima=\dimen183
\pgfutil@tempdimb=\dimen184
)
(/usr/share/texmf-dist/tex/generic/pgf/utilities/pgfutil-latex.def
\pgfutil@abb=\box63
)
(/usr/share/texmf-dist/tex/generic/pgf/utilities/pgfrcs.code.tex
(/usr/share/texmf-dist/tex/generic/pgf/pgf.revision.tex)
Package: pgfrcs 2025-08-29 v3.1.11a (3.1.11a)
))
Package: pgf 2025-08-29 v3.1.11a (3.1.11a)

(/usr/share/texmf-dist/tex/latex/pgf/basiclayer/pgfcore.sty
(/usr/share/texmf-dist/tex/latex/pgf/systemlayer/pgfsys.sty
(/usr/share/texmf-dist/tex/generic/pgf/systemlayer/pgfsys.code.tex
Package: pgfsys 2025-08-29 v3.1.11a (3.1.11a)

(/usr/share/texmf-dist/tex/generic/pgf/utilities/pgfkeys.code.tex
\pgfkeys@pathtoks=\toks27
\pgfkeys@temptoks=\toks28

(/usr/share/texmf-dist/tex/generic/pgf/utilities/pgfkeyslibraryfiltered.code.te
x
\pgfkeys@tmptoks=\toks29
))
\pgf@x=\dimen185
\pgf@y=\dimen186
\pgf@xa=\dimen187
\pgf@ya=\dimen188
\pgf@xb=\dimen189
\pgf@yb=\dimen190
\pgf@xc=\dimen191
\pgf@yc=\dimen192
\pgf@xd=\dimen193
\pgf@yd=\dimen194
\w@pgf@writea=\write3
\r@pgf@reada=\read2
\c@pgf@counta=\count311
\c@pgf@countb=\count312
\c@pgf@countc=\count313
\c@pgf@countd=\count314
\t@pgf@toka=\toks30
\t@pgf@tokb=\toks31
\t@pgf@tokc=\toks32
\pgf@sys@id@count=\count315
 (/usr/share/texmf-dist/tex/generic/pgf/systemlayer/pgf.cfg
File: pgf.cfg 2025-08-29 v3.1.11a (3.1.11a)
)
Driver file for pgf: pgfsys-luatex.def

(/usr/share/texmf-dist/tex/generic/pgf/systemlayer/pgfsys-luatex.def
File: pgfsys-luatex.def 2025-08-29 v3.1.11a (3.1.11a)

(/usr/share/texmf-dist/tex/generic/pgf/systemlayer/pgfsys-common-pdf.def
File: pgfsys-common-pdf.def 2025-08-29 v3.1.11a (3.1.11a)
)))
(/usr/share/texmf-dist/tex/generic/pgf/systemlayer/pgfsyssoftpath.code.tex
File: pgfsyssoftpath.code.tex 2025-08-29 v3.1.11a (3.1.11a)
\pgfsyssoftpath@smallbuffer@items=\count316
\pgfsyssoftpath@bigbuffer@items=\count317
)
(/usr/share/texmf-dist/tex/generic/pgf/systemlayer/pgfsysprotocol.code.tex
File: pgfsysprotocol.code.tex 2025-08-29 v3.1.11a (3.1.11a)
))
(/usr/share/texmf-dist/tex/latex/xcolor/xcolor.sty
Package: xcolor 2024/09/29 v3.02 LaTeX color extensions (UK)

(/usr/share/texmf-dist/tex/latex/graphics-cfg/color.cfg
File: color.cfg 2016/01/02 v1.6 sample color configuration
)
Package xcolor Info: Driver file: luatex.def on input line 274.

(/usr/share/texmf-dist/tex/latex/graphics/mathcolor.ltx)
Package xcolor Info: Model `cmy' substituted by `cmy0' on input line 1349.
Package xcolor Info: Model `hsb' substituted by `rgb' on input line 1353.
Package xcolor Info: Model `RGB' extended on input line 1365.
Package xcolor Info: Model `HTML' substituted by `rgb' on input line 1367.
Package xcolor Info: Model `Hsb' substituted by `hsb' on input line 1368.
Package xcolor Info: Model `tHsb' substituted by `hsb' on input line 1369.
Package xcolor Info: Model `HSB' substituted by `hsb' on input line 1370.
Package xcolor Info: Model `Gray' substituted by `gray' on input line 1371.
Package xcolor Info: Model `wave' substituted by `hsb' on input line 1372.
)
(/usr/share/texmf-dist/tex/generic/pgf/basiclayer/pgfcore.code.tex
Package: pgfcore 2025-08-29 v3.1.11a (3.1.11a)

(/usr/share/texmf-dist/tex/generic/pgf/math/pgfmath.code.tex
(/usr/share/texmf-dist/tex/generic/pgf/math/pgfmathutil.code.tex)
(/usr/share/texmf-dist/tex/generic/pgf/math/pgfmathparser.code.tex
\pgfmath@dimen=\dimen195
\pgfmath@count=\count318
\pgfmath@box=\box64
\pgfmath@toks=\toks33
\pgfmath@stack@operand=\toks34
\pgfmath@stack@operation=\toks35
)
(/usr/share/texmf-dist/tex/generic/pgf/math/pgfmathfunctions.code.tex)
(/usr/share/texmf-dist/tex/generic/pgf/math/pgfmathfunctions.basic.code.tex)
(/usr/share/texmf-dist/tex/generic/pgf/math/pgfmathfunctions.trigonometric.code
.tex)
(/usr/share/texmf-dist/tex/generic/pgf/math/pgfmathfunctions.random.code.tex)
(/usr/share/texmf-dist/tex/generic/pgf/math/pgfmathfunctions.comparison.code.te
x) (/usr/share/texmf-dist/tex/generic/pgf/math/pgfmathfunctions.base.code.tex)
(/usr/share/texmf-dist/tex/generic/pgf/math/pgfmathfunctions.round.code.tex)
(/usr/share/texmf-dist/tex/generic/pgf/math/pgfmathfunctions.misc.code.tex)
(/usr/share/texmf-dist/tex/generic/pgf/math/pgfmathfunctions.integerarithmetics
.code.tex) (/usr/share/texmf-dist/tex/generic/pgf/math/pgfmathcalc.code.tex)
(/usr/share/texmf-dist/tex/generic/pgf/math/pgfmathfloat.code.tex
\c@pgfmathroundto@lastzeros=\count319
))
(/usr/share/texmf-dist/tex/generic/pgf/math/pgfint.code.tex)
(/usr/share/texmf-dist/tex/generic/pgf/basiclayer/pgfcorepoints.code.tex
File: pgfcorepoints.code.tex 2025-08-29 v3.1.11a (3.1.11a)
\pgf@picminx=\dimen196
\pgf@picmaxx=\dimen197
\pgf@picminy=\dimen198
\pgf@picmaxy=\dimen199
\pgf@pathminx=\dimen256
\pgf@pathmaxx=\dimen257
\pgf@pathminy=\dimen258
\pgf@pathmaxy=\dimen259
\pgf@xx=\dimen260
\pgf@xy=\dimen261
\pgf@yx=\dimen262
\pgf@yy=\dimen263
\pgf@zx=\dimen264
\pgf@zy=\dimen265
)
(/usr/share/texmf-dist/tex/generic/pgf/basiclayer/pgfcorepathconstruct.code.tex
File: pgfcorepathconstruct.code.tex 2025-08-29 v3.1.11a (3.1.11a)
\pgf@path@lastx=\dimen266
\pgf@path@lasty=\dimen267
) (/usr/share/texmf-dist/tex/generic/pgf/basiclayer/pgfcorepathusage.code.tex
File: pgfcorepathusage.code.tex 2025-08-29 v3.1.11a (3.1.11a)
\pgf@shorten@end@additional=\dimen268
\pgf@shorten@start@additional=\dimen269
)
(/usr/share/texmf-dist/tex/generic/pgf/basiclayer/pgfcorescopes.code.tex
File: pgfcorescopes.code.tex 2025-08-29 v3.1.11a (3.1.11a)
\pgfpic=\box65
\pgf@hbox=\box66
\pgf@layerbox@main=\box67
\pgf@picture@serial@count=\count320
)
(/usr/share/texmf-dist/tex/generic/pgf/basiclayer/pgfcoregraphicstate.code.tex
File: pgfcoregraphicstate.code.tex 2025-08-29 v3.1.11a (3.1.11a)
\pgflinewidth=\dimen270
)
(/usr/share/texmf-dist/tex/generic/pgf/basiclayer/pgfcoretransformations.code.t
ex
File: pgfcoretransformations.code.tex 2025-08-29 v3.1.11a (3.1.11a)
\pgf@pt@x=\dimen271
\pgf@pt@y=\dimen272
\pgf@pt@temp=\dimen273
) (/usr/share/texmf-dist/tex/generic/pgf/basiclayer/pgfcorequick.code.tex
File: pgfcorequick.code.tex 2025-08-29 v3.1.11a (3.1.11a)
)
(/usr/share/texmf-dist/tex/generic/pgf/basiclayer/pgfcoreobjects.code.tex
File: pgfcoreobjects.code.tex 2025-08-29 v3.1.11a (3.1.11a)
)
(/usr/share/texmf-dist/tex/generic/pgf/basiclayer/pgfcorepathprocessing.code.te
x
File: pgfcorepathprocessing.code.tex 2025-08-29 v3.1.11a (3.1.11a)
) (/usr/share/texmf-dist/tex/generic/pgf/basiclayer/pgfcorearrows.code.tex
File: pgfcorearrows.code.tex 2025-08-29 v3.1.11a (3.1.11a)
\pgfarrowsep=\dimen274
)
(/usr/share/texmf-dist/tex/generic/pgf/basiclayer/pgfcoreshade.code.tex
File: pgfcoreshade.code.tex 2025-08-29 v3.1.11a (3.1.11a)
\pgf@max=\dimen275
\pgf@sys@shading@range@num=\count321
\pgf@shadingcount=\count322
)
(/usr/share/texmf-dist/tex/generic/pgf/basiclayer/pgfcoreimage.code.tex
File: pgfcoreimage.code.tex 2025-08-29 v3.1.11a (3.1.11a)
)
(/usr/share/texmf-dist/tex/generic/pgf/basiclayer/pgfcoreexternal.code.tex
File: pgfcoreexternal.code.tex 2025-08-29 v3.1.11a (3.1.11a)
\pgfexternal@startupbox=\box68
)
(/usr/share/texmf-dist/tex/generic/pgf/basiclayer/pgfcorelayers.code.tex
File: pgfcorelayers.code.tex 2025-08-29 v3.1.11a (3.1.11a)
)
(/usr/share/texmf-dist/tex/generic/pgf/basiclayer/pgfcoretransparency.code.tex
File: pgfcoretransparency.code.tex 2025-08-29 v3.1.11a (3.1.11a)
) (/usr/share/texmf-dist/tex/generic/pgf/basiclayer/pgfcorepatterns.code.tex
File: pgfcorepatterns.code.tex 2025-08-29 v3.1.11a (3.1.11a)
)
(/usr/share/texmf-dist/tex/generic/pgf/basiclayer/pgfcorerdf.code.tex
File: pgfcorerdf.code.tex 2025-08-29 v3.1.11a (3.1.11a)
)))
(/usr/share/texmf-dist/tex/generic/pgf/modules/pgfmoduleshapes.code.tex
File: pgfmoduleshapes.code.tex 2025-08-29 v3.1.11a (3.1.11a)
\pgfnodeparttextbox=\box69
)
(/usr/share/texmf-dist/tex/generic/pgf/modules/pgfmoduleplot.code.tex
File: pgfmoduleplot.code.tex 2025-08-29 v3.1.11a (3.1.11a)
)
(/usr/share/texmf-dist/tex/latex/pgf/compatibility/pgfcomp-version-0-65.sty
Package: pgfcomp-version-0-65 2025-08-29 v3.1.11a (3.1.11a)
\pgf@nodesepstart=\dimen276
\pgf@nodesepend=\dimen277
)
(/usr/share/texmf-dist/tex/latex/pgf/compatibility/pgfcomp-version-1-18.sty
Package: pgfcomp-version-1-18 2025-08-29 v3.1.11a (3.1.11a)
))
(/usr/share/texmf-dist/tex/latex/pgf/utilities/pgffor.sty
(/usr/share/texmf-dist/tex/latex/pgf/utilities/pgfkeys.sty
(/usr/share/texmf-dist/tex/generic/pgf/utilities/pgfkeys.code.tex))
(/usr/share/texmf-dist/tex/latex/pgf/math/pgfmath.sty
(/usr/share/texmf-dist/tex/generic/pgf/math/pgfmath.code.tex))
(/usr/share/texmf-dist/tex/generic/pgf/utilities/pgffor.code.tex
Package: pgffor 2025-08-29 v3.1.11a (3.1.11a)
\pgffor@iter=\dimen278
\pgffor@skip=\dimen279
\pgffor@stack=\toks36
\pgffor@toks=\toks37
))
(/usr/share/texmf-dist/tex/generic/pgf/frontendlayer/tikz/tikz.code.tex
Package: tikz 2025-08-29 v3.1.11a (3.1.11a)

(/usr/share/texmf-dist/tex/generic/pgf/libraries/pgflibraryplothandlers.code.te
x
File: pgflibraryplothandlers.code.tex 2025-08-29 v3.1.11a (3.1.11a)
\pgf@plot@mark@count=\count323
\pgfplotmarksize=\dimen280
)
\tikz@lastx=\dimen281
\tikz@lasty=\dimen282
\tikz@lastxsaved=\dimen283
\tikz@lastysaved=\dimen284
\tikz@lastmovetox=\dimen285
\tikz@lastmovetoy=\dimen286
\tikzleveldistance=\dimen287
\tikzsiblingdistance=\dimen288
\tikz@figbox=\box70
\tikz@figbox@bg=\box71
\tikz@tempbox=\box72
\tikz@tempbox@bg=\box73
\tikztreelevel=\count324
\tikznumberofchildren=\count325
\tikznumberofcurrentchild=\count326
\tikz@fig@count=\count327
 (/usr/share/texmf-dist/tex/generic/pgf/modules/pgfmodulematrix.code.tex
File: pgfmodulematrix.code.tex 2025-08-29 v3.1.11a (3.1.11a)
\pgfmatrixcurrentrow=\count328
\pgfmatrixcurrentcolumn=\count329
\pgf@matrix@numberofcolumns=\count330
)
\tikz@expandcount=\count331

(/usr/share/texmf-dist/tex/generic/pgf/frontendlayer/tikz/libraries/tikzlibrary
topaths.code.tex
File: tikzlibrarytopaths.code.tex 2025-08-29 v3.1.11a (3.1.11a)
)))
(/usr/share/texmf-dist/tex/generic/pgf/frontendlayer/tikz/libraries/tikzlibrary
shapes.code.tex
File: tikzlibraryshapes.code.tex 2025-08-29 v3.1.11a (3.1.11a)

(/usr/share/texmf-dist/tex/generic/pgf/frontendlayer/tikz/libraries/tikzlibrary
shapes.geometric.code.tex
File: tikzlibraryshapes.geometric.code.tex 2025-08-29 v3.1.11a (3.1.11a)

(/usr/share/texmf-dist/tex/generic/pgf/libraries/shapes/pgflibraryshapes.geomet
ric.code.tex
File: pgflibraryshapes.geometric.code.tex 2025-08-29 v3.1.11a (3.1.11a)
))
(/usr/share/texmf-dist/tex/generic/pgf/frontendlayer/tikz/libraries/tikzlibrary
shapes.misc.code.tex
File: tikzlibraryshapes.misc.code.tex 2025-08-29 v3.1.11a (3.1.11a)

(/usr/share/texmf-dist/tex/generic/pgf/libraries/shapes/pgflibraryshapes.misc.c
ode.tex
File: pgflibraryshapes.misc.code.tex 2025-08-29 v3.1.11a (3.1.11a)
))
(/usr/share/texmf-dist/tex/generic/pgf/frontendlayer/tikz/libraries/tikzlibrary
shapes.symbols.code.tex
File: tikzlibraryshapes.symbols.code.tex 2025-08-29 v3.1.11a (3.1.11a)

(/usr/share/texmf-dist/tex/generic/pgf/libraries/shapes/pgflibraryshapes.symbol
s.code.tex
File: pgflibraryshapes.symbols.code.tex 2025-08-29 v3.1.11a (3.1.11a)
))
(/usr/share/texmf-dist/tex/generic/pgf/frontendlayer/tikz/libraries/tikzlibrary
shapes.arrows.code.tex
File: tikzlibraryshapes.arrows.code.tex 2025-08-29 v3.1.11a (3.1.11a)

(/usr/share/texmf-dist/tex/generic/pgf/libraries/shapes/pgflibraryshapes.arrows
.code.tex
File: pgflibraryshapes.arrows.code.tex 2025-08-29 v3.1.11a (3.1.11a)
))
(/usr/share/texmf-dist/tex/generic/pgf/frontendlayer/tikz/libraries/tikzlibrary
shapes.callouts.code.tex
(/usr/share/texmf-dist/tex/generic/pgf/libraries/shapes/pgflibraryshapes.callou
ts.code.tex))
(/usr/share/texmf-dist/tex/generic/pgf/frontendlayer/tikz/libraries/tikzlibrary
shapes.multipart.code.tex
File: tikzlibraryshapes.multipart.code.tex 2025-08-29 v3.1.11a (3.1.11a)

(/usr/share/texmf-dist/tex/generic/pgf/libraries/shapes/pgflibraryshapes.multip
art.code.tex
File: pgflibraryshapes.multipart.code.tex 2025-08-29 v3.1.11a (3.1.11a)
\pgfnodepartlowerbox=\box74
\pgfnodeparttwobox=\box75
\pgfnodepartthreebox=\box76
\pgfnodepartfourbox=\box77
\pgfnodeparttwentybox=\box78
\pgfnodepartnineteenbox=\box79
\pgfnodeparteighteenbox=\box80
\pgfnodepartseventeenbox=\box81
\pgfnodepartsixteenbox=\box82
\pgfnodepartfifteenbox=\box83
\pgfnodepartfourteenbox=\box84
\pgfnodepartthirteenbox=\box85
\pgfnodeparttwelvebox=\box86
\pgfnodepartelevenbox=\box87
\pgfnodeparttenbox=\box88
\pgfnodepartninebox=\box89
\pgfnodeparteightbox=\box90
\pgfnodepartsevenbox=\box91
\pgfnodepartsixbox=\box92
\pgfnodepartfivebox=\box93
)))
(/usr/share/texmf-dist/tex/generic/pgf/libraries/pgflibraryarrows.meta.code.tex
File: pgflibraryarrows.meta.code.tex 2025-08-29 v3.1.11a (3.1.11a)
\pgfarrowinset=\dimen289
\pgfarrowlength=\dimen290
\pgfarrowwidth=\dimen291
\pgfarrowlinewidth=\dimen292
)
(/usr/share/texmf-dist/tex/generic/pgf/frontendlayer/tikz/libraries/tikzlibrary
positioning.code.tex
File: tikzlibrarypositioning.code.tex 2025-08-29 v3.1.11a (3.1.11a)
)
(/usr/share/texmf-dist/tex/generic/pgf/frontendlayer/tikz/libraries/tikzlibrary
calc.code.tex
File: tikzlibrarycalc.code.tex 2025-08-29 v3.1.11a (3.1.11a)
)
(/usr/share/texmf-dist/tex/generic/pgf/frontendlayer/tikz/libraries/tikzlibrary
fit.code.tex
File: tikzlibraryfit.code.tex 2025-08-29 v3.1.11a (3.1.11a)
)
(/usr/share/texmf-dist/tex/generic/pgf/frontendlayer/tikz/libraries/tikzlibrary
backgrounds.code.tex
File: tikzlibrarybackgrounds.code.tex 2025-08-29 v3.1.11a (3.1.11a)
\pgf@layerbox@background=\box94
\pgf@layerboxsaved@background=\box95
)
(/usr/share/texmf-dist/tex/generic/pgf/frontendlayer/tikz/libraries/tikzlibrary
decorations.pathreplacing.code.tex
(/usr/share/texmf-dist/tex/generic/pgf/frontendlayer/tikz/libraries/tikzlibrary
decorations.code.tex
(/usr/share/texmf-dist/tex/generic/pgf/modules/pgfmoduledecorations.code.tex
\pgfdecoratedcompleteddistance=\dimen293
\pgfdecoratedremainingdistance=\dimen294
\pgfdecoratedinputsegmentcompleteddistance=\dimen295
\pgfdecoratedinputsegmentremainingdistance=\dimen296
\pgf@decorate@distancetomove=\dimen297
\pgf@decorate@repeatstate=\count332
\pgfdecorationsegmentamplitude=\dimen298
\pgfdecorationsegmentlength=\dimen299
)
\tikz@lib@dec@box=\box96
)
(/usr/share/texmf-dist/tex/generic/pgf/libraries/decorations/pgflibrarydecorati
ons.pathreplacing.code.tex))
(/usr/share/texmf-dist/tex/latex/enumitem/enumitem.sty
Package: enumitem 2025/02/06 v3.11 Customized lists
\labelindent=\skip58
\enit@outerparindent=\dimen300
\enit@toks=\toks38
\enit@inbox=\box97
\enit@count@id=\count333
\enitdp@description=\count334
)
(/usr/share/texmf-dist/tex/latex/amsfonts/amssymb.sty
Package: amssymb 2013/01/14 v3.01 AMS font symbols

(/usr/share/texmf-dist/tex/latex/amsfonts/amsfonts.sty
Package: amsfonts 2013/01/14 v3.01 Basic AMSFonts support
\@emptytoks=\toks39
\symAMSa=\mathgroup4
\symAMSb=\mathgroup5
LaTeX Font Info:    Redeclaring math symbol \hbar on input line 98.
LaTeX Font Info:    Overwriting math alphabet `\mathfrak' in version `bold'
(Font)                  U/euf/m/n --> U/euf/b/n on input line 106.
))
(/usr/share/texmf-dist/tex/latex/listings/listings.sty
\lst@mode=\count335
\lst@gtempboxa=\box98
\lst@token=\toks40
\lst@length=\count336
\lst@currlwidth=\dimen301
\lst@column=\count337
\lst@pos=\count338
\lst@lostspace=\dimen302
\lst@width=\dimen303
\lst@newlines=\count339
\lst@lineno=\count340
\lst@maxwidth=\dimen304

(/usr/share/texmf-dist/tex/latex/listings/lstpatch.sty
File: lstpatch.sty 2025/11/14 1.11b (Carsten Heinz)
)
(/usr/share/texmf-dist/tex/latex/listings/lstmisc.sty
File: lstmisc.sty 2025/11/14 1.11b (Carsten Heinz)
\c@lstnumber=\count341
\lst@skipnumbers=\count342
\lst@framebox=\box99
)
(/usr/share/texmf-dist/tex/latex/listings/listings.cfg
File: listings.cfg 2025/11/14 1.11b listings configuration
))
Package: listings 2025/11/14 1.11b (Carsten Heinz)

==> First Aid for listings.sty no longer applied!
    Expected:
        2024/09/23 1.10c (Carsten Heinz)
    but found:
        2025/11/14 1.11b (Carsten Heinz)
    so I'm assuming it got fixed.
(/usr/share/texmf-dist/tex/latex/hyperref/hyperref.sty
Package: hyperref 2026-01-29 v7.01p Hypertext links for LaTeX

(/usr/share/texmf-dist/tex/latex/kvsetkeys/kvsetkeys.sty
Package: kvsetkeys 2022-10-05 v1.19 Key value parser (HO)
)
(/usr/share/texmf-dist/tex/generic/kvdefinekeys/kvdefinekeys.sty
Package: kvdefinekeys 2019-12-19 v1.6 Define keys (HO)
)
(/usr/share/texmf-dist/tex/generic/pdfescape/pdfescape.sty
Package: pdfescape 2019/12/09 v1.15 Implements pdfTeX's escape features (HO)

(/usr/share/texmf-dist/tex/generic/ltxcmds/ltxcmds.sty
Package: ltxcmds 2023-12-04 v1.26 LaTeX kernel commands for general use (HO)
)
(/usr/share/texmf-dist/tex/generic/pdftexcmds/pdftexcmds.sty
Package: pdftexcmds 2020-06-27 v0.33 Utility functions of pdfTeX for LuaTeX (HO
)

(/usr/share/texmf-dist/tex/generic/infwarerr/infwarerr.sty
Package: infwarerr 2019/12/03 v1.5 Providing info/warning/error messages (HO)
)
Package pdftexcmds Info: \pdf@primitive is available.
Package pdftexcmds Info: \pdf@ifprimitive is available.
Package pdftexcmds Info: \pdfdraftmode found.
\pdftexcmds@toks=\toks41
))
(/usr/share/texmf-dist/tex/latex/hycolor/hycolor.sty
Package: hycolor 2020-01-27 v1.10 Color options for hyperref/bookmark (HO)
)
(/usr/share/texmf-dist/tex/latex/hyperref/nameref.sty
Package: nameref 2026-01-29 v2.58 Cross-referencing by name of section

(/usr/share/texmf-dist/tex/latex/refcount/refcount.sty
Package: refcount 2019/12/15 v3.6 Data extraction from label references (HO)
)
(/usr/share/texmf-dist/tex/generic/gettitlestring/gettitlestring.sty
Package: gettitlestring 2019/12/15 v1.6 Cleanup title references (HO)

(/usr/share/texmf-dist/tex/latex/kvoptions/kvoptions.sty
Package: kvoptions 2022-06-15 v3.15 Key value format for package options (HO)
))
\c@section@level=\count343
)
(/usr/share/texmf-dist/tex/generic/stringenc/stringenc.sty
Package: stringenc 2019/11/29 v1.12 Convert strings between diff. encodings (HO
)
)
\@linkdim=\dimen305
\Hy@linkcounter=\count344
\Hy@pagecounter=\count345

(/usr/share/texmf-dist/tex/latex/hyperref/pd1enc.def
File: pd1enc.def 2026-01-29 v7.01p Hyperref: PDFDocEncoding definition (HO)
)
(/usr/share/texmf-dist/tex/generic/intcalc/intcalc.sty
Package: intcalc 2019/12/15 v1.3 Expandable calculations with integers (HO)
)
\Hy@SavedSpaceFactor=\count346

(/usr/share/texmf-dist/tex/latex/hyperref/puenc.def
File: puenc.def 2026-01-29 v7.01p Hyperref: PDF Unicode definition (HO)
)
Package hyperref Info: Option `colorlinks' set `true' on input line 4072.
Package hyperref Info: Hyper figures OFF on input line 4201.
Package hyperref Info: Link nesting OFF on input line 4206.
Package hyperref Info: Hyper index ON on input line 4209.
Package hyperref Info: Plain pages OFF on input line 4216.
Package hyperref Info: Backreferencing OFF on input line 4221.
Package hyperref Info: Implicit mode ON; LaTeX internals redefined.
Package hyperref Info: Bookmarks ON on input line 4468.
\c@Hy@tempcnt=\count347

(/usr/share/texmf-dist/tex/latex/url/url.sty
\Urlmuskip=\muskip17
Package: url 2013/09/16  ver 3.4  Verb mode for urls, etc.
)
LaTeX Info: Redefining \url on input line 4807.
\XeTeXLinkMargin=\dimen306

(/usr/share/texmf-dist/tex/generic/bitset/bitset.sty
Package: bitset 2019/12/09 v1.3 Handle bit-vector datatype (HO)

(/usr/share/texmf-dist/tex/generic/bigintcalc/bigintcalc.sty
Package: bigintcalc 2019/12/15 v1.5 Expandable calculations on big integers (HO
)
))
\Fld@menulength=\count348
\Field@Width=\dimen307
\Fld@charsize=\dimen308
Package hyperref Info: Hyper figures OFF on input line 6084.
Package hyperref Info: Link nesting OFF on input line 6089.
Package hyperref Info: Hyper index ON on input line 6092.
Package hyperref Info: backreferencing OFF on input line 6099.
Package hyperref Info: Link coloring ON on input line 6102.
Package hyperref Info: Link coloring with OCG OFF on input line 6109.
Package hyperref Info: PDF/A mode OFF on input line 6114.
\Hy@abspage=\count349
\c@Item=\count350
\c@Hfootnote=\count351
)
Package hyperref Info: Driver (autodetected): hluatex.

(/usr/share/texmf-dist/tex/latex/hyperref/hluatex.def
File: hluatex.def 2026-01-29 v7.01p Hyperref driver for luaTeX
\Fld@listcount=\count352
\c@bookmark@seq@number=\count353

(/usr/share/texmf-dist/tex/latex/rerunfilecheck/rerunfilecheck.sty
Package: rerunfilecheck 2025-06-21 v1.11 Rerun checks for auxiliary files (HO)

(/usr/share/texmf-dist/tex/generic/uniquecounter/uniquecounter.sty
Package: uniquecounter 2019/12/15 v1.4 Provide unlimited unique counter (HO)
)
Package uniquecounter Info: New unique counter `rerunfilecheck' on input line 2
84.
)
\Hy@SectionHShift=\skip59
)
(/usr/share/texmf-dist/tex/latex/biblatex/biblatex.sty
Package: biblatex 2025/07/10 v3.21 programmable bibliographies (PK/MW)

(/usr/share/texmf-dist/tex/latex/logreq/logreq.sty
Package: logreq 2010/08/04 v1.0 xml request logger
\lrq@indent=\count354

(/usr/share/texmf-dist/tex/latex/logreq/logreq.def
File: logreq.def 2010/08/04 v1.0 logreq spec v1.0
))
(/usr/share/texmf-dist/tex/latex/base/ifthen.sty
Package: ifthen 2024/03/16 v1.1e Standard LaTeX ifthen package (DPC)
)
\c@tabx@nest=\count355
\c@listtotal=\count356
\c@listcount=\count357
\c@liststart=\count358
\c@liststop=\count359
\c@citecount=\count360
\c@citetotal=\count361
\c@multicitecount=\count362
\c@multicitetotal=\count363
\c@instcount=\count364
\c@maxnames=\count365
\c@minnames=\count366
\c@maxitems=\count367
\c@minitems=\count368
\c@citecounter=\count369
\c@maxcitecounter=\count370
\c@savedcitecounter=\count371
\c@uniquelist=\count372
\c@uniquename=\count373
\c@refsection=\count374
\c@refsegment=\count375
\c@maxextratitle=\count376
\c@maxextratitleyear=\count377
\c@maxextraname=\count378
\c@maxextradate=\count379
\c@maxextraalpha=\count380
\c@abbrvpenalty=\count381
\c@highnamepenalty=\count382
\c@lownamepenalty=\count383
\c@maxparens=\count384
\c@parenlevel=\count385
\blx@tempcnta=\count386
\blx@tempcntb=\count387
\blx@tempcntc=\count388
\c@blx@maxsection=\count389
\blx@maxsegment@0=\count390
\blx@notetype=\count391
\blx@parenlevel@text=\count392
\blx@parenlevel@foot=\count393
\blx@sectionciteorder@0=\count394
\blx@sectionciteorderinternal@0=\count395
\blx@entrysetcounter=\count396
\blx@biblioinstance=\count397
\labelnumberwidth=\skip60
\labelalphawidth=\skip61
\biblabelsep=\skip62
\bibitemsep=\skip63
\bibnamesep=\skip64
\bibinitsep=\skip65
\bibparsep=\skip66
\bibhang=\skip67
\blx@bcfin=\read3
\blx@bcfout=\write4
\blx@langwohyphens=\language2
\c@mincomprange=\count398
\c@maxcomprange=\count399
\c@mincompwidth=\count400
Package biblatex Info: Trying to load biblatex default data model...
Package biblatex Info: ... file 'blx-dm.def' found.

(/usr/share/texmf-dist/tex/latex/biblatex/blx-dm.def
File: blx-dm.def 2025/07/10 v3.21 biblatex datamodel (PK/MW)
)
Package biblatex Info: Trying to load biblatex style data model...
Package biblatex Info: ... file 'authoryear.dbx' not found.
Package biblatex Info: Trying to load biblatex custom data model...
Package biblatex Info: ... file 'biblatex-dm.cfg' not found.
\c@afterword=\count401
\c@savedafterword=\count402
\c@annotator=\count403
\c@savedannotator=\count404
\c@author=\count405
\c@savedauthor=\count406
\c@bookauthor=\count407
\c@savedbookauthor=\count408
\c@commentator=\count409
\c@savedcommentator=\count410
\c@editor=\count411
\c@savededitor=\count412
\c@editora=\count413
\c@savededitora=\count414
\c@editorb=\count415
\c@savededitorb=\count416
\c@editorc=\count417
\c@savededitorc=\count418
\c@foreword=\count419
\c@savedforeword=\count420
\c@holder=\count421
\c@savedholder=\count422
\c@introduction=\count423
\c@savedintroduction=\count424
\c@namea=\count425
\c@savednamea=\count426
\c@nameb=\count427
\c@savednameb=\count428
\c@namec=\count429
\c@savednamec=\count430
\c@translator=\count431
\c@savedtranslator=\count432
\c@shortauthor=\count433
\c@savedshortauthor=\count434
\c@shorteditor=\count435
\c@savedshorteditor=\count436
\c@labelname=\count437
\c@savedlabelname=\count438
\c@institution=\count439
\c@savedinstitution=\count440
\c@lista=\count441
\c@savedlista=\count442
\c@listb=\count443
\c@savedlistb=\count444
\c@listc=\count445
\c@savedlistc=\count446
\c@listd=\count447
\c@savedlistd=\count448
\c@liste=\count449
\c@savedliste=\count450
\c@listf=\count451
\c@savedlistf=\count452
\c@location=\count453
\c@savedlocation=\count454
\c@organization=\count455
\c@savedorganization=\count456
\c@origlocation=\count457
\c@savedoriglocation=\count458
\c@origpublisher=\count459
\c@savedorigpublisher=\count460
\c@publisher=\count461
\c@savedpublisher=\count462
\c@language=\count463
\c@savedlanguage=\count464
\c@origlanguage=\count465
\c@savedoriglanguage=\count466
\c@pageref=\count467
\c@savedpageref=\count468
\shorthandwidth=\skip68
\shortjournalwidth=\skip69
\shortserieswidth=\skip70
\shorttitlewidth=\skip71
\shortauthorwidth=\skip72
\shorteditorwidth=\skip73
\locallabelnumberwidth=\skip74
\locallabelalphawidth=\skip75
\localshorthandwidth=\skip76
\localshortjournalwidth=\skip77
\localshortserieswidth=\skip78
\localshorttitlewidth=\skip79
\localshortauthorwidth=\skip80
\localshorteditorwidth=\skip81
Package biblatex Info: Trying to load enhanced support for Unicode engines...
Package biblatex Info: ... file 'blx-unicode.def' found.

(/usr/share/texmf-dist/tex/latex/biblatex/blx-unicode.def)
Package biblatex Info: Trying to load compatibility code...
Package biblatex Info: ... file 'blx-compat.def' found.

(/usr/share/texmf-dist/tex/latex/biblatex/blx-compat.def
File: blx-compat.def 2025/07/10 v3.21 biblatex compatibility (PK/MW)
)
Package biblatex Info: Trying to load BibTeX backend compatibility...
Package biblatex Info: ... file 'blx-bibtex.def' found.

(/usr/share/texmf-dist/tex/latex/biblatex/blx-bibtex.def
File: blx-bibtex.def 2025/07/10 v3.21 biblatex compatibility (PK/MW)


Package biblatex Warning: Using fall-back bibtex backend:
(biblatex)                functionality may be reduced/unavailable.

)
Package biblatex Info: Trying to load generic definitions...
Package biblatex Info: ... file 'biblatex.def' found.
 (/usr/share/texmf-dist/tex/latex/biblatex/biblatex.def
File: biblatex.def 2025/07/10 v3.21 biblatex compatibility (PK/MW)
\c@textcitecount=\count469
\c@textcitetotal=\count470
\c@textcitemaxnames=\count471
\c@biburlbigbreakpenalty=\count472
\c@biburlbreakpenalty=\count473
\c@biburlnumpenalty=\count474
\c@biburlucpenalty=\count475
\c@biburllcpenalty=\count476
\biburlbigskip=\muskip18
\biburlnumskip=\muskip19
\biburlucskip=\muskip20
\biburllcskip=\muskip21
\c@smartand=\count477
)
Package biblatex Info: Trying to load natbib compatibility...
Package biblatex Info: ... file 'blx-natbib.def' found.

(/usr/share/texmf-dist/tex/latex/biblatex/blx-natbib.def
File: blx-natbib.def 2025/07/10 v3.21 biblatex compatibility (PK/MW)
Package biblatex Info: Delimiter 'nameyeardelim' in context '' already defined,
 overwriting.
)
Package biblatex Info: Trying to load bibliography style 'authoryear'...
Package biblatex Info: ... file 'authoryear.bbx' found.

(/usr/share/texmf-dist/tex/latex/biblatex/bbx/authoryear.bbx
File: authoryear.bbx 2025/07/10 v3.21 biblatex bibliography style (PK/MW)
Package biblatex Info: Trying to load bibliography style 'standard'...
Package biblatex Info: ... file 'standard.bbx' found.

(/usr/share/texmf-dist/tex/latex/biblatex/bbx/standard.bbx
File: standard.bbx 2025/07/10 v3.21 biblatex bibliography style (PK/MW)
\c@bbx:relatedcount=\count478
\c@bbx:relatedtotal=\count479
))
Package biblatex Info: Trying to load citation style 'authoryear'...
Package biblatex Info: ... file 'authoryear.cbx' found.

(/usr/share/texmf-dist/tex/latex/biblatex/cbx/authoryear.cbx
File: authoryear.cbx 2025/07/10 v3.21 biblatex citation style (PK/MW)
Package biblatex Info: Redefining '\cite'.
Package biblatex Info: Redefining '\parencite'.
Package biblatex Info: Redefining '\footcite'.
Package biblatex Info: Redefining '\footcitetext'.
Package biblatex Info: Redefining '\smartcite'.
Package biblatex Info: Redefining '\textcite'.
Package biblatex Info: Redefining '\textcites'.
)
Package biblatex Info: Trying to load configuration file...
Package biblatex Info: ... file 'biblatex.cfg' found.

(/usr/share/texmf-dist/tex/latex/biblatex/biblatex.cfg
File: biblatex.cfg
)
Package biblatex Info: LuaTeX detected.
(biblatex)             Assuming input encoding 'utf8'.
Package biblatex Info: Document encoding is UTF8 ....
Package biblatex Info: ... and expl3
(biblatex)             2026-01-19 L3 programming layer (loader)
(biblatex)             is new enough (at least 2020/04/06),
(biblatex)             setting 'casechanger=expl3'.

(/usr/share/texmf-dist/tex/latex/biblatex/blx-case-expl3.sty
Package: blx-case-expl3 2025/07/10 v3.21 expl3 case changing code for biblatex
))
(/usr/share/texmf-dist/tex/latex/acronym/acronym.sty
Package: acronym 2025/01/17 v1.50 Support for acronyms (Tobias Oetiker)

(/usr/share/texmf-dist/tex/latex/bigfoot/suffix.sty
Package: suffix 2006/07/15 1.5a Variant command support
)
(/usr/share/texmf-dist/tex/generic/xstring/xstring.sty
(/usr/share/texmf-dist/tex/generic/xstring/xstring.tex
\xs_counta=\count480
\xs_countb=\count481
)
Package: xstring 2023/08/22 v1.86 String manipulations (CT)
)
\AC@clearlist=\toks42
)
(/usr/share/texmf-dist/tex/latex/fancyhdr/fancyhdr.sty
Package: fancyhdr 2025/02/07 v5.2 Extensive control of page headers and footers

\f@nch@headwidth=\skip82
\f@nch@offset@elh=\skip83
\f@nch@offset@erh=\skip84
\f@nch@offset@olh=\skip85
\f@nch@offset@orh=\skip86
\f@nch@offset@elf=\skip87
\f@nch@offset@erf=\skip88
\f@nch@offset@olf=\skip89
\f@nch@offset@orf=\skip90
\f@nch@height=\skip91
\f@nch@footalignment=\skip92
\f@nch@widthL=\skip93
\f@nch@widthC=\skip94
\f@nch@widthR=\skip95
\@temptokenb=\toks43
)
(../Comun/definiciones.tex)
\@quotelevel=\count482
\@quotereset=\count483
 (./Anteproyecto-PPS-Juan-Ignacio-Gone.aux)
\openout1 = Anteproyecto-PPS-Juan-Ignacio-Gone.aux

LaTeX Font Info:    Checking defaults for OML/cmm/m/it on input line 77.
LaTeX Font Info:    ... okay on input line 77.
LaTeX Font Info:    Checking defaults for OMS/cmsy/m/n on input line 77.
LaTeX Font Info:    ... okay on input line 77.
LaTeX Font Info:    Checking defaults for OT1/cmr/m/n on input line 77.
LaTeX Font Info:    ... okay on input line 77.
LaTeX Font Info:    Checking defaults for T1/cmr/m/n on input line 77.
LaTeX Font Info:    ... okay on input line 77.
LaTeX Font Info:    Checking defaults for TS1/cmr/m/n on input line 77.
LaTeX Font Info:    ... okay on input line 77.
LaTeX Font Info:    Checking defaults for TU/lmr/m/n on input line 77.
LaTeX Font Info:    ... okay on input line 77.
LaTeX Font Info:    Checking defaults for OMX/cmex/m/n on input line 77.
LaTeX Font Info:    ... okay on input line 77.
LaTeX Font Info:    Checking defaults for U/cmr/m/n on input line 77.
LaTeX Font Info:    ... okay on input line 77.
LaTeX Font Info:    Checking defaults for PD1/pdf/m/n on input line 77.
LaTeX Font Info:    ... okay on input line 77.
LaTeX Font Info:    Checking defaults for PU/pdf/m/n on input line 77.
LaTeX Font Info:    ... okay on input line 77.

Package fontspec Info:
(fontspec)             Adjusting the maths setup (use [no-math] to avoid
(fontspec)             this).

\symlegacymaths=\mathgroup6
LaTeX Font Info:    Overwriting symbol font `legacymaths' in version `bold'
(Font)                  OT1/cmr/m/n --> OT1/cmr/bx/n on input line 77.
LaTeX Font Info:    Redeclaring math accent \acute on input line 77.
LaTeX Font Info:    Redeclaring math accent \grave on input line 77.
LaTeX Font Info:    Redeclaring math accent \ddot on input line 77.
LaTeX Font Info:    Redeclaring math accent \tilde on input line 77.
LaTeX Font Info:    Redeclaring math accent \bar on input line 77.
LaTeX Font Info:    Redeclaring math accent \breve on input line 77.
LaTeX Font Info:    Redeclaring math accent \check on input line 77.
LaTeX Font Info:    Redeclaring math accent \hat on input line 77.
LaTeX Font Info:    Redeclaring math accent \dot on input line 77.
LaTeX Font Info:    Redeclaring math accent \mathring on input line 77.
LaTeX Font Info:    Redeclaring math symbol \colon on input line 77.
LaTeX Font Info:    Redeclaring math symbol \Gamma on input line 77.
LaTeX Font Info:    Redeclaring math symbol \Delta on input line 77.
LaTeX Font Info:    Redeclaring math symbol \Theta on input line 77.
LaTeX Font Info:    Redeclaring math symbol \Lambda on input line 77.
LaTeX Font Info:    Redeclaring math symbol \Xi on input line 77.
LaTeX Font Info:    Redeclaring math symbol \Pi on input line 77.
LaTeX Font Info:    Redeclaring math symbol \Sigma on input line 77.
LaTeX Font Info:    Redeclaring math symbol \Upsilon on input line 77.
LaTeX Font Info:    Redeclaring math symbol \Phi on input line 77.
LaTeX Font Info:    Redeclaring math symbol \Psi on input line 77.
LaTeX Font Info:    Redeclaring math symbol \Omega on input line 77.
LaTeX Font Info:    Redeclaring math symbol \mathdollar on input line 77.
LaTeX Font Info:    Redeclaring symbol font `operators' on input line 77.
LaTeX Font Info:    Encoding `OT1' has changed to `TU' for symbol font
(Font)              `operators' in the math version `normal' on input line 77.
LaTeX Font Info:    Overwriting symbol font `operators' in version `normal'
(Font)                  OT1/cmr/m/n --> TU/lmr/m/n on input line 77.
LaTeX Font Info:    Encoding `OT1' has changed to `TU' for symbol font
(Font)              `operators' in the math version `bold' on input line 77.
LaTeX Font Info:    Overwriting symbol font `operators' in version `bold'
(Font)                  OT1/cmr/bx/n --> TU/lmr/m/n on input line 77.
LaTeX Font Info:    Overwriting symbol font `operators' in version `normal'
(Font)                  TU/lmr/m/n --> TU/lmr/m/n on input line 77.
LaTeX Font Info:    Overwriting math alphabet `\mathit' in version `normal'
(Font)                  OT1/cmr/m/it --> TU/lmr/m/it on input line 77.
LaTeX Font Info:    Overwriting math alphabet `\mathbf' in version `normal'
(Font)                  OT1/cmr/bx/n --> TU/lmr/b/n on input line 77.
LaTeX Font Info:    Overwriting math alphabet `\mathsf' in version `normal'
(Font)                  OT1/cmss/m/n --> TU/lmss/m/n on input line 77.
LaTeX Font Info:    Overwriting math alphabet `\mathtt' in version `normal'
(Font)                  OT1/cmtt/m/n --> TU/lmtt/m/n on input line 77.
LaTeX Font Info:    Overwriting symbol font `operators' in version `bold'
(Font)                  TU/lmr/m/n --> TU/lmr/b/n on input line 77.
LaTeX Font Info:    Overwriting math alphabet `\mathit' in version `bold'
(Font)                  OT1/cmr/bx/it --> TU/lmr/b/it on input line 77.
LaTeX Font Info:    Overwriting math alphabet `\mathsf' in version `bold'
(Font)                  OT1/cmss/bx/n --> TU/lmss/b/n on input line 77.
LaTeX Font Info:    Overwriting math alphabet `\mathtt' in version `bold'
(Font)                  OT1/cmtt/m/n --> TU/lmtt/b/n on input line 77.

*geometry* driver: auto-detecting
*geometry* detected driver: luatex
*geometry* verbose mode - [ preamble ] result:
* driver: luatex
* paper: a4paper
* layout: <same size as paper>
* layoutoffset:(h,v)=(0.0pt,0.0pt)
* modes:
* h-part:(L,W,R)=(71.13188pt, 455.24411pt, 71.13188pt)
* v-part:(T,H,B)=(71.13188pt, 702.78308pt, 71.13188pt)
* \paperwidth=597.50787pt
* \paperheight=845.04684pt
* \textwidth=455.24411pt
* \textheight=702.78308pt
* \oddsidemargin=-1.1381pt
* \evensidemargin=-1.1381pt
* \topmargin=-38.1381pt
* \headheight=12.0pt
* \headsep=25.0pt
* \topskip=12.0pt
* \footskip=30.0pt
* \marginparwidth=35.0pt
* \marginparsep=10.0pt
* \columnsep=10.0pt
* \skip\footins=10.8pt plus 4.0pt minus 2.0pt
* \hoffset=0.0pt
* \voffset=0.0pt
* \mag=1000
* \@twocolumnfalse
* \@twosidefalse
* \@mparswitchfalse
* \@reversemarginfalse
* (1in=72.27pt=25.4mm, 1cm=28.453pt)

LaTeX Info: Redefining \microtypecontext on input line 77.
Package microtype Info: Applying patch `item' on input line 77.
Package microtype Info: Applying patch `toc' on input line 77.
Package microtype Info: Applying patch `eqnum' on input line 77.
Package microtype Info: Applying patch `footnote' on input line 77.
Package microtype Info: Applying patch `verbatim' on input line 77.
LaTeX Info: Redefining \microtypesetup on input line 77.
Package microtype Info: Generating PDF output.
Package microtype Info: Character protrusion enabled (level 2).
Package microtype Info: Using default protrusion set `alltext'.
Package microtype Info: Automatic font expansion enabled (level 2),
(microtype)             stretch: 20, shrink: 20, step: 1, non-selected.
Package microtype Info: Using default expansion set `alltext-nott'.
Package microtype Info: Patching command `\showhyphens'.
Package microtype Info: No adjustment of tracking.
Package microtype Info: No adjustment of spacing.
Package microtype Info: No adjustment of kerning.
(/usr/share/texmf-dist/tex/latex/microtype/mt-LatinModernRoman.cfg
File: mt-LatinModernRoman.cfg 2026/02/26 v1.2 microtype config. file: Latin Mod
ern Roman (RS)
)
(/usr/share/texmf-dist/tex/context/base/mkii/supp-pdf.mkii
[Loading MPS to PDF converter (version 2006.09.02).]
\scratchcounter=\count484
\scratchdimen=\dimen309
\scratchbox=\box100
\nofMPsegments=\count485
\nofMParguments=\count486
\everyMPshowfont=\toks44
\MPscratchCnt=\count487
\MPscratchDim=\dimen310
\MPnumerator=\count488
\makeMPintoPDFobject=\count489
\everyMPtoPDFconversion=\toks45
) (/usr/share/texmf-dist/tex/latex/epstopdf-pkg/epstopdf-base.sty
Package: epstopdf-base 2020-01-24 v2.11 Base part for package epstopdf
Package epstopdf-base Info: Redefining graphics rule for `.eps' on input line 4
85.

(/usr/share/texmf-dist/tex/latex/latexconfig/epstopdf-sys.cfg
File: epstopdf-sys.cfg 2010/07/13 v1.3 Configuration of (r)epstopdf for TeX Liv
e
))
\c@lstlisting=\count490
Package hyperref Info: Link coloring ON on input line 77.

(./Anteproyecto-PPS-Juan-Ignacio-Gone.out)
(./Anteproyecto-PPS-Juan-Ignacio-Gone.out)
\@outlinefile=\write5

\openout5 = Anteproyecto-PPS-Juan-Ignacio-Gone.out
Package biblatex Info: Trying to load language 'spanish'...
Package biblatex Info: ... file 'spanish.lbx' found.

(/usr/share/texmf-dist/tex/latex/biblatex/lbx/spanish.lbx
File: spanish.lbx 2025/07/10 v3.21 biblatex localization (PK/MW)
)
Package biblatex Info: LuaTeX detected.
(biblatex)             Assuming input encoding 'utf8'.
Package biblatex Info: Automatic encoding selection.
(biblatex)             Assuming data encoding 'utf8'.
Package biblatex Info: LuaTeX detected.
(biblatex)             Assuming input encoding 'utf8'.
Package biblatex Info: Data encoding 'utf8' specified.
(biblatex)             No need to reencode data.

\openout4 = Anteproyecto-PPS-Juan-Ignacio-Gone-blx.bib
Package biblatex Info: Trying to load bibliographic data...
Package biblatex Info: ... file 'Anteproyecto-PPS-Juan-Ignacio-Gone.bbl' found.


(./Anteproyecto-PPS-Juan-Ignacio-Gone.bbl)
Package biblatex Info: Reference section=0 on input line 77.
Package biblatex Info: Reference segment=0 on input line 77.

Package polyglossia Info: totalhyphenmin:'5'

LaTeX Font Info:    Trying to load font information for U+msa on input line 99.


(/usr/share/texmf-dist/tex/latex/amsfonts/umsa.fd
File: umsa.fd 2013/01/14 v3.01 AMS symbols A
)
(/usr/share/texmf-dist/tex/latex/microtype/mt-msa.cfg
File: mt-msa.cfg 2006/02/04 v1.1 microtype config. file: AMS symbols (a) (RS)
)
LaTeX Font Info:    Trying to load font information for U+msb on input line 99.


(/usr/share/texmf-dist/tex/latex/amsfonts/umsb.fd
File: umsb.fd 2013/01/14 v3.01 AMS symbols B
)
(/usr/share/texmf-dist/tex/latex/microtype/mt-msb.cfg
File: mt-msb.cfg 2005/06/01 v1.0 microtype config. file: AMS symbols (b) (RS)
)
(/usr/share/texmf-dist/tex/latex/microtype/mt-cmr.cfg
File: mt-cmr.cfg 2013/05/19 v2.2 microtype config. file: Computer Modern Roman
(RS)
) [1

{/var/lib/texmf/fonts/map/pdftex/updmap/pdftex.map}] (./Anteproyecto-PPS-Juan-I
gnacio-Gone.toc

Package polyglossia Info: totalhyphenmin:'5'



Package fancyhdr Warning: \headheight is too small (12.0pt):
(fancyhdr)                Make it at least 13.59999pt, for example:
(fancyhdr)                \setlength{\headheight}{13.59999pt}.
(fancyhdr)                You might also make \topmargin smaller:
(fancyhdr)                \addtolength{\topmargin}{-1.59999pt}.


warning  (pdf backend): ignoring duplicate destination with the name 'page.1'
[1])
\tf@toc=\write6

\openout6 = Anteproyecto-PPS-Juan-Ignacio-Gone.toc


Package fancyhdr Warning: \headheight is too small (12.0pt):
(fancyhdr)                Make it at least 13.59999pt, for example:
(fancyhdr)                \setlength{\headheight}{13.59999pt}.
(fancyhdr)                You might also make \topmargin smaller:
(fancyhdr)                \addtolength{\topmargin}{-1.59999pt}.

[2]
Package acronym Info: Label `acro:A1' newly defined as it shall be overridden
although it is yet undefined on input line 120.
Package acronym Info: Label `acro:P100' newly defined as it shall be overridden

although it is yet undefined on input line 120.
Package acronym Info: Label `acro:FIE' newly defined as it shall be overridden
although it is yet undefined on input line 120.
Package acronym Info: Label `acro:SEU' newly defined as it shall be overridden
although it is yet undefined on input line 120.
Package acronym Info: Label `acro:TRL' newly defined as it shall be overridden
although it is yet undefined on input line 122.

Overfull \hbox (17.92667pt too wide) in paragraph at lines 133--134
[]\TU/lmr/m/n/12 Agente de comunicación institucional, automatización de conte
nido, gacetillas universitarias,
 []


Package fancyhdr Warning: \headheight is too small (12.0pt):
(fancyhdr)                Make it at least 13.59999pt, for example:
(fancyhdr)                \setlength{\headheight}{13.59999pt}.
(fancyhdr)                You might also make \topmargin smaller:
(fancyhdr)                \addtolength{\topmargin}{-1.59999pt}.

[3]

Package fancyhdr Warning: \headheight is too small (12.0pt):
(fancyhdr)                Make it at least 13.59999pt, for example:
(fancyhdr)                \setlength{\headheight}{13.59999pt}.
(fancyhdr)                You might also make \topmargin smaller:
(fancyhdr)                \addtolength{\topmargin}{-1.59999pt}.

[4]
Overfull \hbox (20.19507pt too wide) in paragraph at lines 184--185
[]\TU/lmr/m/n/12 criterio de diseño que incorpora controles de seguridad,
 []

Package acronym Info: Label `acro:BPM' newly defined as it shall be overridden
although it is yet undefined on input line 194.

Package fancyhdr Warning: \headheight is too small (12.0pt):
(fancyhdr)                Make it at least 13.59999pt, for example:
(fancyhdr)                \setlength{\headheight}{13.59999pt}.
(fancyhdr)                You might also make \topmargin smaller:
(fancyhdr)                \addtolength{\topmargin}{-1.59999pt}.

[5]
Package acronym Info: Label `acro:CONEAU' newly defined as it shall be overridd
en
although it is yet undefined on input line 209.

Overfull \hbox (14.47328pt too wide) in paragraph at lines 209--210
\TU/lmr/m/n/12 inscripciones, eventos), las comunicaciones se retrasan o simplif
ican, perdiéndose oportunidades
 []


Package fancyhdr Warning: \headheight is too small (12.0pt):
(fancyhdr)                Make it at least 13.59999pt, for example:
(fancyhdr)                \setlength{\headheight}{13.59999pt}.
(fancyhdr)                You might also make \topmargin smaller:
(fancyhdr)                \addtolength{\topmargin}{-1.59999pt}.

[6]

Package fancyhdr Warning: \headheight is too small (12.0pt):
(fancyhdr)                Make it at least 13.59999pt, for example:
(fancyhdr)                \setlength{\headheight}{13.59999pt}.
(fancyhdr)                You might also make \topmargin smaller:
(fancyhdr)                \addtolength{\topmargin}{-1.59999pt}.

[7]
Package acronym Info: Label `acro:LLM' newly defined as it shall be overridden
although it is yet undefined on input line 245.
Package acronym Info: Label `acro:RACI' newly defined as it shall be overridden

although it is yet undefined on input line 253.
Package acronym Info: Label `acro:DoD' newly defined as it shall be overridden
although it is yet undefined on input line 253.


Package fancyhdr Warning: \headheight is too small (12.0pt):
(fancyhdr)                Make it at least 13.59999pt, for example:
(fancyhdr)                \setlength{\headheight}{13.59999pt}.
(fancyhdr)                You might also make \topmargin smaller:
(fancyhdr)                \addtolength{\topmargin}{-1.59999pt}.

[8]
Package acronym Info: Label `acro:RRSS' newly defined as it shall be overridden

although it is yet undefined on input line 277.


Package fancyhdr Warning: \headheight is too small (12.0pt):
(fancyhdr)                Make it at least 13.59999pt, for example:
(fancyhdr)                \setlength{\headheight}{13.59999pt}.
(fancyhdr)                You might also make \topmargin smaller:
(fancyhdr)                \addtolength{\topmargin}{-1.59999pt}.

[9]

Package fancyhdr Warning: \headheight is too small (12.0pt):
(fancyhdr)                Make it at least 13.59999pt, for example:
(fancyhdr)                \setlength{\headheight}{13.59999pt}.
(fancyhdr)                You might also make \topmargin smaller:
(fancyhdr)                \addtolength{\topmargin}{-1.59999pt}.

[10]
Overfull \hbox (4.82738pt too wide) in paragraph at lines 320--321
[]\TU/lmr/bx/n/12 Diseño: \TU/lmr/m/n/12 especificación funcional del Agente
1, diseño de prompts y cadenas LangChain,
 []

Package acronym Info: Label `acro:MVP' newly defined as it shall be overridden
although it is yet undefined on input line 321.

Package fancyhdr Warning: \headheight is too small (12.0pt):
(fancyhdr)                Make it at least 13.59999pt, for example:
(fancyhdr)                \setlength{\headheight}{13.59999pt}.
(fancyhdr)                You might also make \topmargin smaller:
(fancyhdr)                \addtolength{\topmargin}{-1.59999pt}.

[11]

Package tabularx Warning: X Columns too narrow (table too wide)
(tabularx)                 on input line 358.


Overfull \hbox (10.01472pt too wide) in paragraph at lines 358--358
[]|\TU/lmr/bx/n/12 Uso
 []


Overfull \hbox (5.06377pt too wide) in paragraph at lines 358--358
\TU/lmr/bx/n/12 del
 []


Overfull \hbox (37.92097pt too wide) in paragraph at lines 358--358
\TU/lmr/bx/n/12 Agente 1|
 []


Overfull \hbox (59.5392pt too wide) in paragraph at lines 358--358
[]|\TU/lmr/bx/n/12 Responsable
 []


Overfull \hbox (59.23032pt too wide) in paragraph at lines 358--358
\TU/lmr/bx/n/12 institucional|
 []


Overfull \hbox (44.37747pt too wide) in paragraph at lines 358--358
[]|\TU/lmr/m/n/12 Generación
 []


Underfull \hbox (badness 10000) in paragraph at lines 358--358
\TU/lmr/m/n/12 de
 []


Overfull \hbox (35.70126pt too wide) in paragraph at lines 358--358
\TU/lmr/m/n/12 gacetillas,
 []


Overfull \hbox (15.61636pt too wide) in paragraph at lines 358--358
\TU/lmr/m/n/12 posts,
 []


Overfull \hbox (45.34444pt too wide) in paragraph at lines 358--358
\TU/lmr/m/n/12 newsletters,
 []


Overfull \hbox (14.2954pt too wide) in paragraph at lines 358--358
\TU/lmr/m/n/12 mails
 []


Underfull \hbox (badness 10000) in paragraph at lines 358--358
\TU/lmr/m/n/12 y
 []


Overfull \hbox (41.50925pt too wide) in paragraph at lines 358--358
\TU/lmr/m/n/12 borradores
 []


Underfull \hbox (badness 10000) in paragraph at lines 358--358
\TU/lmr/m/n/12 de
 []


Overfull \hbox (57.79568pt too wide) in paragraph at lines 358--358
\TU/lmr/m/n/12 publicaciones.|
 []


Overfull \hbox (50.81862pt too wide) in paragraph at lines 358--358
[]|\TU/lmr/m/n/12 Coordinador
 []


Underfull \hbox (badness 10000) in paragraph at lines 358--358
\TU/lmr/m/n/12 de
 []


Overfull \hbox (37.80363pt too wide) in paragraph at lines 358--358
\TU/lmr/m/n/12 Extensión
 []


Overfull \hbox (5.79169pt too wide) in paragraph at lines 358--358
\TU/lmr/m/n/12 (A);
 []


Overfull \hbox (50.03526pt too wide) in paragraph at lines 358--358
\TU/lmr/m/n/12 Responsable
 []


Underfull \hbox (badness 10000) in paragraph at lines 358--358
\TU/lmr/m/n/12 de
 []


Overfull \hbox (26.52579pt too wide) in paragraph at lines 358--358
\TU/lmr/m/n/12 Gestión
 []


Overfull \hbox (2.71178pt too wide) in paragraph at lines 358--358
\TU/lmr/m/n/12 del
 []


Overfull \hbox (57.1018pt too wide) in paragraph at lines 358--358
\TU/lmr/m/n/12 Conocimiento
 []


Underfull \hbox (badness 10000) in paragraph at lines 358--358
\TU/lmr/m/n/12 y
 []


Overfull \hbox (50.03526pt too wide) in paragraph at lines 358--358
\TU/lmr/m/n/12 Responsable
 []


Underfull \hbox (badness 10000) in paragraph at lines 358--358
\TU/lmr/m/n/12 de
 []


Overfull \hbox (17.64697pt too wide) in paragraph at lines 358--358
\TU/lmr/m/n/12 Redes
 []


Overfull \hbox (27.42078pt too wide) in paragraph at lines 358--358
\TU/lmr/m/n/12 Sociales
 []


Overfull \hbox (4.07208pt too wide) in paragraph at lines 358--358
\TU/lmr/m/n/12 (R)|
 []


Overfull \hbox (44.7903pt too wide) in paragraph at lines 358--358
[]|\TU/lmr/m/n/12 Producción
 []


Underfull \hbox (badness 10000) in paragraph at lines 358--358
\TU/lmr/m/n/12 de
 []


Overfull \hbox (39.29715pt too wide) in paragraph at lines 358--358
\TU/lmr/m/n/12 resúmenes
 []


Underfull \hbox (badness 10000) in paragraph at lines 358--358
\TU/lmr/m/n/12 o
 []


Overfull \hbox (18.4584pt too wide) in paragraph at lines 358--358
\TU/lmr/m/n/12 textos
 []


Underfull \hbox (badness 10000) in paragraph at lines 358--358
\TU/lmr/m/n/12 de
 []


Overfull \hbox (17.43408pt too wide) in paragraph at lines 358--358
\TU/lmr/m/n/12 apoyo
 []


Overfull \hbox (10.40282pt too wide) in paragraph at lines 358--358
\TU/lmr/m/n/12 para
 []


Overfull \hbox (27.75604pt too wide) in paragraph at lines 358--358
\TU/lmr/m/n/12 difundir
 []


Overfull \hbox (44.0482pt too wide) in paragraph at lines 358--358
\TU/lmr/m/n/12 actividades
 []


Underfull \hbox (badness 10000) in paragraph at lines 358--358
\TU/lmr/m/n/12 ya
 []


Overfull \hbox (35.40462pt too wide) in paragraph at lines 358--358
\TU/lmr/m/n/12 definidas.|
 []


Overfull \hbox (50.0367pt too wide) in paragraph at lines 358--358
[]|\TU/lmr/m/n/12 Secr./Coord.
 []


Overfull \hbox (37.80363pt too wide) in paragraph at lines 358--358
\TU/lmr/m/n/12 Extensión
 []


Overfull \hbox (5.79169pt too wide) in paragraph at lines 358--358
\TU/lmr/m/n/12 (A);
 []


Overfull \hbox (50.03526pt too wide) in paragraph at lines 358--358
\TU/lmr/m/n/12 Responsable
 []


Underfull \hbox (badness 10000) in paragraph at lines 358--358
\TU/lmr/m/n/12 de
 []


Overfull \hbox (35.07288pt too wide) in paragraph at lines 358--358
\TU/lmr/m/n/12 proyectos
 []


Underfull \hbox (badness 10000) in paragraph at lines 358--358
\TU/lmr/m/n/12 y
 []


Overfull \hbox (24.82991pt too wide) in paragraph at lines 358--358
\TU/lmr/m/n/12 eventos
 []


Overfull \hbox (4.07208pt too wide) in paragraph at lines 358--358
\TU/lmr/m/n/12 (R)|
 []


Overfull \hbox (66.40662pt too wide) in paragraph at lines 358--358
[]|\TU/lmr/m/n/12 Confirmaciones,
 []


Overfull \hbox (27.4078pt too wide) in paragraph at lines 358--358
\TU/lmr/m/n/12 difusión
 []


Underfull \hbox (badness 10000) in paragraph at lines 358--358
\TU/lmr/m/n/12 y
 []


Overfull \hbox (44.36572pt too wide) in paragraph at lines 358--358
\TU/lmr/m/n/12 certificados
 []


Overfull \hbox (37.33324pt too wide) in paragraph at lines 358--358
\TU/lmr/m/n/12 generados
 []


Overfull \hbox (14.23657pt too wide) in paragraph at lines 358--358
\TU/lmr/m/n/12 como
 []


Overfull \hbox (31.62628pt too wide) in paragraph at lines 358--358
\TU/lmr/m/n/12 borrador
 []


Overfull \hbox (5.27545pt too wide) in paragraph at lines 358--358
\TU/lmr/m/n/12 con
 []


Overfull \hbox (37.90086pt too wide) in paragraph at lines 358--358
\TU/lmr/m/n/12 validación
 []


Overfull \hbox (22.23338pt too wide) in paragraph at lines 358--358
\TU/lmr/m/n/12 previa.|
 []


Overfull \hbox (50.81862pt too wide) in paragraph at lines 358--358
[]|\TU/lmr/m/n/12 Coordinador
 []


Underfull \hbox (badness 10000) in paragraph at lines 358--358
\TU/lmr/m/n/12 de
 []


Overfull \hbox (37.80363pt too wide) in paragraph at lines 358--358
\TU/lmr/m/n/12 Extensión
 []


Overfull \hbox (5.79169pt too wide) in paragraph at lines 358--358
\TU/lmr/m/n/12 (A);
 []


Overfull \hbox (50.03526pt too wide) in paragraph at lines 358--358
\TU/lmr/m/n/12 Responsable
 []


Underfull \hbox (badness 10000) in paragraph at lines 358--358
\TU/lmr/m/n/12 de
 []


Overfull \hbox (18.83475pt too wide) in paragraph at lines 358--358
\TU/lmr/m/n/12 cursos
 []


Overfull \hbox (4.07208pt too wide) in paragraph at lines 358--358
\TU/lmr/m/n/12 (R)|
 []


Overfull \hbox (29.80684pt too wide) in paragraph at lines 358--358
[]|\TU/lmr/m/n/12 Difusión
 []


Underfull \hbox (badness 10000) in paragraph at lines 358--358
\TU/lmr/m/n/12 de
 []


Overfull \hbox (24.82991pt too wide) in paragraph at lines 358--358
\TU/lmr/m/n/12 eventos
 []


Underfull \hbox (badness 10000) in paragraph at lines 358--358
\TU/lmr/m/n/12 a
 []


Overfull \hbox (16.57227pt too wide) in paragraph at lines 358--358
\TU/lmr/m/n/12 partir
 []


Underfull \hbox (badness 10000) in paragraph at lines 358--358
\TU/lmr/m/n/12 de
 []


Overfull \hbox (14.94218pt too wide) in paragraph at lines 358--358
\TU/lmr/m/n/12 datos
 []


Overfull \hbox (34.1259pt too wide) in paragraph at lines 358--358
\TU/lmr/m/n/12 validados
 []


Overfull \hbox (4.7429pt too wide) in paragraph at lines 358--358
\TU/lmr/m/n/12 por
 []


Underfull \hbox (badness 10000) in paragraph at lines 358--358
\TU/lmr/m/n/12 el
 []


Overfull \hbox (25.50388pt too wide) in paragraph at lines 358--358
\TU/lmr/m/n/12 proceso
 []


Overfull \hbox (69.9555pt too wide) in paragraph at lines 358--358
\TU/lmr/m/n/12 correspondiente.|
 []


Overfull \hbox (50.81862pt too wide) in paragraph at lines 358--358
[]|\TU/lmr/m/n/12 Coordinador
 []


Underfull \hbox (badness 10000) in paragraph at lines 358--358
\TU/lmr/m/n/12 de
 []


Overfull \hbox (37.80363pt too wide) in paragraph at lines 358--358
\TU/lmr/m/n/12 Extensión
 []


Overfull \hbox (5.79169pt too wide) in paragraph at lines 358--358
\TU/lmr/m/n/12 (A);
 []


Overfull \hbox (50.03526pt too wide) in paragraph at lines 358--358
\TU/lmr/m/n/12 Responsable
 []


Underfull \hbox (badness 10000) in paragraph at lines 358--358
\TU/lmr/m/n/12 de
 []


Overfull \hbox (35.07288pt too wide) in paragraph at lines 358--358
\TU/lmr/m/n/12 proyectos
 []


Overfull \hbox (36.42894pt too wide) in paragraph at lines 358--358
\TU/lmr/m/n/12 especiales
 []


Overfull \hbox (4.07208pt too wide) in paragraph at lines 358--358
\TU/lmr/m/n/12 (R)|
 []


Overfull \hbox (28.17615pt too wide) in alignment at lines 358--358
[][][][]
 []


LaTeX Warning: Float too large for page by 86.62595pt on input line 359.

Package acronym Info: Label `acro:KPI' newly defined as it shall be overridden
although it is yet undefined on input line 374.

Overfull \hbox (4.89355pt too wide) in paragraph at lines 376--377
\TU/lmr/m/n/12 Agente 3), HU-025 (registro e integridad CONEAU/SIU, Agente 5),
HU-052 (ventanilla
 []


Package fancyhdr Warning: \headheight is too small (12.0pt):
(fancyhdr)                Make it at least 13.59999pt, for example:
(fancyhdr)                \setlength{\headheight}{13.59999pt}.
(fancyhdr)                You might also make \topmargin smaller:
(fancyhdr)                \addtolength{\topmargin}{-1.59999pt}.

[12]

Package fancyhdr Warning: \headheight is too small (12.0pt):
(fancyhdr)                Make it at least 13.59999pt, for example:
(fancyhdr)                \setlength{\headheight}{13.59999pt}.
(fancyhdr)                You might also make \topmargin smaller:
(fancyhdr)                \addtolength{\topmargin}{-1.59999pt}.

[13]
Package acronym Info: Label `acro:PDCA' newly defined as it shall be overridden

although it is yet undefined on input line 398.


Package fancyhdr Warning: \headheight is too small (12.0pt):
(fancyhdr)                Make it at least 13.59999pt, for example:
(fancyhdr)                \setlength{\headheight}{13.59999pt}.
(fancyhdr)                You might also make \topmargin smaller:
(fancyhdr)                \addtolength{\topmargin}{-1.59999pt}.

[14]
Package acronym Info: Label `acro:CMDB' newly defined as it shall be overridden

although it is yet undefined on input line 410.
Package acronym Info: Label `acro:NHI' newly defined as it shall be overridden
although it is yet undefined on input line 410.
Package acronym Info: Label `acro:HITL' newly defined as it shall be overridden

although it is yet undefined on input line 412.

Overfull \hbox (2.99603pt too wide) in paragraph at lines 439--440
[]\TU/lmr/m/n/12 Se adopta un enfoque \TU/lmr/bx/n/12 iterativo-incremental \TU
/lmr/m/n/12 alineado con los cinco pasos metodológicos
 []


Package fancyhdr Warning: \headheight is too small (12.0pt):
(fancyhdr)                Make it at least 13.59999pt, for example:
(fancyhdr)                \setlength{\headheight}{13.59999pt}.
(fancyhdr)                You might also make \topmargin smaller:
(fancyhdr)                \addtolength{\topmargin}{-1.59999pt}.

[15]
Overfull \hbox (49.02866pt too wide) in paragraph at lines 529--530
 [][]
 []


Overfull \hbox (0.59369pt too wide) in paragraph at lines 555--555
\TU/lmr/bx/n/12 convencional|
 []


Overfull \hbox (6.24477pt too wide) in paragraph at lines 555--555
\TU/lmr/m/n/12 documentables)|
 []

Package acronym Info: Label `acro:HU' newly defined as it shall be overridden
although it is yet undefined on input line 560.

Package fancyhdr Warning: \headheight is too small (12.0pt):
(fancyhdr)                Make it at least 13.59999pt, for example:
(fancyhdr)                \setlength{\headheight}{13.59999pt}.
(fancyhdr)                You might also make \topmargin smaller:
(fancyhdr)                \addtolength{\topmargin}{-1.59999pt}.

[16]

Package fancyhdr Warning: \headheight is too small (12.0pt):
(fancyhdr)                Make it at least 13.59999pt, for example:
(fancyhdr)                \setlength{\headheight}{13.59999pt}.
(fancyhdr)                You might also make \topmargin smaller:
(fancyhdr)                \addtolength{\topmargin}{-1.59999pt}.

[17]
Underfull \hbox (badness 1210) in paragraph at lines 673--673
[]|\TU/lmr/m/n/10 Automatización de la generación de comunicaciones institucio
nales
 []


Underfull \hbox (badness 1360) in paragraph at lines 673--673
\TU/lmr/m/n/10 (gacetillas, posts, correos, certificados); consistencia en el me
nsaje
 []


Package fancyhdr Warning: \headheight is too small (12.0pt):
(fancyhdr)                Make it at least 13.59999pt, for example:
(fancyhdr)                \setlength{\headheight}{13.59999pt}.
(fancyhdr)                You might also make \topmargin smaller:
(fancyhdr)                \addtolength{\topmargin}{-1.59999pt}.

[18]

Package fancyhdr Warning: \headheight is too small (12.0pt):
(fancyhdr)                Make it at least 13.59999pt, for example:
(fancyhdr)                \setlength{\headheight}{13.59999pt}.
(fancyhdr)                You might also make \topmargin smaller:
(fancyhdr)                \addtolength{\topmargin}{-1.59999pt}.

[19]

Package fancyhdr Warning: \headheight is too small (12.0pt):
(fancyhdr)                Make it at least 13.59999pt, for example:
(fancyhdr)                \setlength{\headheight}{13.59999pt}.
(fancyhdr)                You might also make \topmargin smaller:
(fancyhdr)                \addtolength{\topmargin}{-1.59999pt}.

[20]

LaTeX Warning: Float too large for page by 333.1258pt on input line 716.


Overfull \hbox (18.81825pt too wide) in paragraph at lines 730--731
[]\TU/lmr/bx/n/12 Identidades no humanas: \TU/lmr/m/n/12 cada cuenta de servicio
, token o credencial de automatización
 []


Package fancyhdr Warning: \headheight is too small (12.0pt):
(fancyhdr)                Make it at least 13.59999pt, for example:
(fancyhdr)                \setlength{\headheight}{13.59999pt}.
(fancyhdr)                You might also make \topmargin smaller:
(fancyhdr)                \addtolength{\topmargin}{-1.59999pt}.

[21]

Package fancyhdr Warning: \headheight is too small (12.0pt):
(fancyhdr)                Make it at least 13.59999pt, for example:
(fancyhdr)                \setlength{\headheight}{13.59999pt}.
(fancyhdr)                You might also make \topmargin smaller:
(fancyhdr)                \addtolength{\topmargin}{-1.59999pt}.

[22]
Package acronym Info: Label `acro:RBAC' newly defined as it shall be overridden

although it is yet undefined on input line 732.

Overfull \hbox (6.33623pt too wide) in paragraph at lines 732--733
\TU/lmr/m/n/12 visualizador (consulta logs). Solo el validador puede aprobar con
tenido para publicación.
 []


Overfull \hbox (2.57611pt too wide) in paragraph at lines 735--736
[]\TU/lmr/bx/n/12 Protección contra inyección de prompts: \TU/lmr/m/n/12 las
entradas de formularios, documentos
 []


Package fancyhdr Warning: \headheight is too small (12.0pt):
(fancyhdr)                Make it at least 13.59999pt, for example:
(fancyhdr)                \setlength{\headheight}{13.59999pt}.
(fancyhdr)                You might also make \topmargin smaller:
(fancyhdr)                \addtolength{\topmargin}{-1.59999pt}.

[23]
Overfull \hbox (48.07358pt too wide) in paragraph at lines 773--773
[]|\TU/lmr/bx/n/10 Condición
 []


Overfull \hbox (10.03978pt too wide) in paragraph at lines 773--773
\TU/lmr/bx/n/10 de
 []


Overfull \hbox (35.95778pt too wide) in paragraph at lines 773--773
\TU/lmr/bx/n/10 entrada|
 []


Overfull \hbox (46.3978pt too wide) in paragraph at lines 773--773
[]|\TU/lmr/bx/n/10 Evidencia
 []


Overfull \hbox (35.38257pt too wide) in paragraph at lines 773--773
\TU/lmr/bx/n/10 mínima|
 []


Overfull \hbox (31.15353pt too wide) in paragraph at lines 773--773
[]|\TU/lmr/m/n/10 Fuentes
 []


Overfull \hbox (59.7061pt too wide) in paragraph at lines 773--773
\TU/lmr/m/n/10 institucionales
 []


Overfull \hbox (3.15736pt too wide) in paragraph at lines 773--773
\TU/lmr/m/n/10 y
 []


Overfull \hbox (30.72612pt too wide) in paragraph at lines 773--773
\TU/lmr/m/n/10 backlog
 []


Overfull \hbox (45.84052pt too wide) in paragraph at lines 773--773
\TU/lmr/m/n/10 disponibles|
 []


Overfull \hbox (27.22894pt too wide) in paragraph at lines 773--773
[]|\TU/lmr/m/n/10 Matriz
 []


Overfull \hbox (24.61176pt too wide) in paragraph at lines 773--773
\TU/lmr/m/n/10 BPM--
 []


Overfull \hbox (39.42175pt too wide) in paragraph at lines 773--773
\TU/lmr/m/n/10 HU--DoD,
 []


Overfull \hbox (17.67393pt too wide) in paragraph at lines 773--773
\TU/lmr/m/n/10 nota
 []


Overfull \hbox (8.41295pt too wide) in paragraph at lines 773--773
\TU/lmr/m/n/10 de
 []


Overfull \hbox (30.97412pt too wide) in paragraph at lines 773--773
\TU/lmr/m/n/10 alcance,
 []


Overfull \hbox (27.05255pt too wide) in paragraph at lines 773--773
\TU/lmr/m/n/10 riesgos
 []


Overfull \hbox (32.42293pt too wide) in paragraph at lines 773--773
\TU/lmr/m/n/10 iniciales|
 []


Overfull \hbox (14.90637pt too wide) in paragraph at lines 773--773
[]|\TU/lmr/m/n/10 HU-
 []


Overfull \hbox (13.06294pt too wide) in paragraph at lines 773--773
\TU/lmr/m/n/10 010
 []


Overfull \hbox (3.51295pt too wide) in paragraph at lines 773--773
\TU/lmr/m/n/10 a
 []


Overfull \hbox (14.90637pt too wide) in paragraph at lines 773--773
\TU/lmr/m/n/10 HU-
 []


Overfull \hbox (12.96294pt too wide) in paragraph at lines 773--773
\TU/lmr/m/n/10 014
 []


Overfull \hbox (52.89651pt too wide) in paragraph at lines 773--773
\TU/lmr/m/n/10 especificadas
 []


Overfull \hbox (3.15736pt too wide) in paragraph at lines 773--773
\TU/lmr/m/n/10 y
 []


Overfull \hbox (51.89693pt too wide) in paragraph at lines 773--773
\TU/lmr/m/n/10 responsables
 []


Overfull \hbox (50.99393pt too wide) in paragraph at lines 773--773
\TU/lmr/m/n/10 preliminares
 []


Overfull \hbox (51.7471pt too wide) in paragraph at lines 773--773
\TU/lmr/m/n/10 identificados|
 []


Overfull \hbox (23.21097pt too wide) in paragraph at lines 773--773
[]|\TU/lmr/m/n/10 Casos
 []


Overfull \hbox (8.41295pt too wide) in paragraph at lines 773--773
\TU/lmr/m/n/10 de
 []


Overfull \hbox (14.15735pt too wide) in paragraph at lines 773--773
\TU/lmr/m/n/10 uso,
 []


Overfull \hbox (38.39113pt too wide) in paragraph at lines 773--773
\TU/lmr/m/n/10 diagrama
 []


Overfull \hbox (8.41295pt too wide) in paragraph at lines 773--773
\TU/lmr/m/n/10 de
 []


Overfull \hbox (23.99655pt too wide) in paragraph at lines 773--773
\TU/lmr/m/n/10 clases,
 []


Overfull \hbox (34.57072pt too wide) in paragraph at lines 773--773
\TU/lmr/m/n/10 checklist
 []


Overfull \hbox (8.41295pt too wide) in paragraph at lines 773--773
\TU/lmr/m/n/10 de
 []


Overfull \hbox (40.87212pt too wide) in paragraph at lines 773--773
\TU/lmr/m/n/10 seguridad,
 []


Overfull \hbox (17.13493pt too wide) in paragraph at lines 773--773
\TU/lmr/m/n/10 plan
 []


Overfull \hbox (8.41295pt too wide) in paragraph at lines 773--773
\TU/lmr/m/n/10 de
 []


Overfull \hbox (31.91333pt too wide) in paragraph at lines 773--773
\TU/lmr/m/n/10 pruebas|
 []


Overfull \hbox (14.90637pt too wide) in paragraph at lines 773--773
[]|\TU/lmr/m/n/10 HU-
 []


Overfull \hbox (13.06294pt too wide) in paragraph at lines 773--773
\TU/lmr/m/n/10 010
 []


Overfull \hbox (3.15736pt too wide) in paragraph at lines 773--773
\TU/lmr/m/n/10 y
 []


Overfull \hbox (14.90637pt too wide) in paragraph at lines 773--773
\TU/lmr/m/n/10 HU-
 []


Overfull \hbox (12.31294pt too wide) in paragraph at lines 773--773
\TU/lmr/m/n/10 011
 []


Overfull \hbox (44.40831pt too wide) in paragraph at lines 773--773
\TU/lmr/m/n/10 candidatas
 []


Overfull \hbox (8.41295pt too wide) in paragraph at lines 773--773
\TU/lmr/m/n/10 en
 []


Overfull \hbox (31.02992pt too wide) in paragraph at lines 773--773
\TU/lmr/m/n/10 entorno
 []


Overfull \hbox (43.5543pt too wide) in paragraph at lines 773--773
\TU/lmr/m/n/10 controlado|
 []


Overfull \hbox (36.79373pt too wide) in paragraph at lines 773--773
[]|\TU/lmr/m/n/10 Gacetilla
 []


Overfull \hbox (3.15736pt too wide) in paragraph at lines 773--773
\TU/lmr/m/n/10 y
 []


Overfull \hbox (16.65074pt too wide) in paragraph at lines 773--773
\TU/lmr/m/n/10 post
 []


Overfull \hbox (41.95012pt too wide) in paragraph at lines 773--773
\TU/lmr/m/n/10 generados,
 []


Overfull \hbox (16.33295pt too wide) in paragraph at lines 773--773
\TU/lmr/m/n/10 logs,
 []


Overfull \hbox (34.57072pt too wide) in paragraph at lines 773--773
\TU/lmr/m/n/10 checklist
 []


Overfull \hbox (19.81735pt too wide) in paragraph at lines 773--773
[][]\TU/lmr/m/n/10 ,
 []


Overfull \hbox (44.93753pt too wide) in paragraph at lines 773--773
\TU/lmr/m/n/10 mediciones
 []


Overfull \hbox (8.41295pt too wide) in paragraph at lines 773--773
\TU/lmr/m/n/10 de
 []


Overfull \hbox (29.63293pt too wide) in paragraph at lines 773--773
\TU/lmr/m/n/10 tiempo,
 []


Overfull \hbox (31.04114pt too wide) in paragraph at lines 773--773
\TU/lmr/m/n/10 informe
 []


Overfull \hbox (8.96175pt too wide) in paragraph at lines 773--773
\TU/lmr/m/n/10 S1|
 []


Overfull \hbox (22.09296pt too wide) in paragraph at lines 773--773
[]|[][]
 []


Overfull \hbox (7.96175pt too wide) in paragraph at lines 773--773
\TU/lmr/m/n/10 S1
 []


Overfull \hbox (48.7595pt too wide) in paragraph at lines 773--773
\TU/lmr/m/n/10 estabilizado
 []


Overfull \hbox (3.15736pt too wide) in paragraph at lines 773--773
\TU/lmr/m/n/10 y
 []


Overfull \hbox (30.72612pt too wide) in paragraph at lines 773--773
\TU/lmr/m/n/10 backlog
 []


Overfull \hbox (8.71175pt too wide) in paragraph at lines 773--773
\TU/lmr/m/n/10 S2
 []


Overfull \hbox (42.4553pt too wide) in paragraph at lines 773--773
\TU/lmr/m/n/10 revalidado|
 []


Overfull \hbox (72.22913pt too wide) in paragraph at lines 773--773
[]|\TU/lmr/m/n/10 Contratos/mocks
 []


Overfull \hbox (28.96735pt too wide) in paragraph at lines 773--773
\TU/lmr/m/n/10 A2--A5,
 []


Overfull \hbox (34.86314pt too wide) in paragraph at lines 773--773
\TU/lmr/m/n/10 esquema
 []


Overfull \hbox (8.41295pt too wide) in paragraph at lines 773--773
\TU/lmr/m/n/10 de
 []


Overfull \hbox (48.50632pt too wide) in paragraph at lines 773--773
\TU/lmr/m/n/10 logs/estado,
 []


Overfull \hbox (51.89693pt too wide) in paragraph at lines 773--773
\TU/lmr/m/n/10 responsables
 []


Overfull \hbox (3.15736pt too wide) in paragraph at lines 773--773
\TU/lmr/m/n/10 y
 []


Overfull \hbox (37.59592pt too wide) in paragraph at lines 773--773
\TU/lmr/m/n/10 plantillas|
 []


Overfull \hbox (14.90637pt too wide) in paragraph at lines 773--773
[]|\TU/lmr/m/n/10 HU-
 []


Overfull \hbox (13.06294pt too wide) in paragraph at lines 773--773
\TU/lmr/m/n/10 010
 []


Overfull \hbox (3.51295pt too wide) in paragraph at lines 773--773
\TU/lmr/m/n/10 a
 []


Overfull \hbox (14.90637pt too wide) in paragraph at lines 773--773
\TU/lmr/m/n/10 HU-
 []


Overfull \hbox (12.96294pt too wide) in paragraph at lines 773--773
\TU/lmr/m/n/10 014
 []


Overfull \hbox (8.41295pt too wide) in paragraph at lines 773--773
\TU/lmr/m/n/10 en
 []


Overfull \hbox (28.36894pt too wide) in paragraph at lines 773--773
\TU/lmr/m/n/10 versión
 []


Overfull \hbox (40.5471pt too wide) in paragraph at lines 773--773
\TU/lmr/m/n/10 candidata|
 []


Overfull \hbox (18.74075pt too wide) in paragraph at lines 773--773
[]|\TU/lmr/m/n/10 Acta
 []


Overfull \hbox (3.51295pt too wide) in paragraph at lines 773--773
\TU/lmr/m/n/10 o
 []


Overfull \hbox (31.04114pt too wide) in paragraph at lines 773--773
\TU/lmr/m/n/10 informe
 []


Overfull \hbox (8.41295pt too wide) in paragraph at lines 773--773
\TU/lmr/m/n/10 de
 []


Overfull \hbox (17.91074pt too wide) in paragraph at lines 773--773
\TU/lmr/m/n/10 gate,
 []


Overfull \hbox (34.57072pt too wide) in paragraph at lines 773--773
\TU/lmr/m/n/10 checklist
 []


Overfull \hbox (24.64514pt too wide) in paragraph at lines 773--773
\OMS/cmsy/m/n/10 $ \TU/lmr/m/n/10 3/4,
 []


Overfull \hbox (32.68753pt too wide) in paragraph at lines 773--773
\TU/lmr/m/n/10 defectos
 []


Overfull \hbox (29.17914pt too wide) in paragraph at lines 773--773
\TU/lmr/m/n/10 críticos
 []


Overfull \hbox (8.41295pt too wide) in paragraph at lines 773--773
\TU/lmr/m/n/10 en
 []


Overfull \hbox (17.39134pt too wide) in paragraph at lines 773--773
\TU/lmr/m/n/10 cero,
 []


Overfull \hbox (32.09952pt too wide) in paragraph at lines 773--773
\TU/lmr/m/n/10 paquete
 []


Overfull \hbox (8.41295pt too wide) in paragraph at lines 773--773
\TU/lmr/m/n/10 de
 []


Overfull \hbox (38.08731pt too wide) in paragraph at lines 773--773
\TU/lmr/m/n/10 evidencia|
 []


Package fancyhdr Warning: \headheight is too small (12.0pt):
(fancyhdr)                Make it at least 13.59999pt, for example:
(fancyhdr)                \setlength{\headheight}{13.59999pt}.
(fancyhdr)                You might also make \topmargin smaller:
(fancyhdr)                \addtolength{\topmargin}{-1.59999pt}.

[24]
Overfull \vbox (16.49402pt too high) has occurred while \output is active []



Package fancyhdr Warning: \headheight is too small (12.0pt):
(fancyhdr)                Make it at least 13.59999pt, for example:
(fancyhdr)                \setlength{\headheight}{13.59999pt}.
(fancyhdr)                You might also make \topmargin smaller:
(fancyhdr)                \addtolength{\topmargin}{-1.59999pt}.

[25]
Overfull \hbox (36.42976pt too wide) in paragraph at lines 796--796
[]|\TU/lmr/m/n/12 Desarrollador
 []


Overfull \hbox (13.0672pt too wide) in paragraph at lines 796--796
\TU/lmr/m/n/12 principal
 []


Underfull \hbox (badness 10000) in paragraph at lines 796--796
\TU/lmr/m/n/12 (este
 []


Overfull \hbox (17.3689pt too wide) in paragraph at lines 796--796
\TU/lmr/m/n/12 Proyecto)|
 []


Overfull \hbox (36.42976pt too wide) in paragraph at lines 796--796
[]|\TU/lmr/m/n/12 Desarrollador
 []


Overfull \hbox (13.0672pt too wide) in paragraph at lines 796--796
\TU/lmr/m/n/12 principal
 []


Overfull \hbox (16.0009pt too wide) in paragraph at lines 796--796
\TU/lmr/m/n/12 (Proyecto
 []


Overfull \hbox (43.12576pt too wide) in paragraph at lines 796--796
\TU/lmr/m/n/12 independiente)|
 []


Package fancyhdr Warning: \headheight is too small (12.0pt):
(fancyhdr)                Make it at least 13.59999pt, for example:
(fancyhdr)                \setlength{\headheight}{13.59999pt}.
(fancyhdr)                You might also make \topmargin smaller:
(fancyhdr)                \addtolength{\topmargin}{-1.59999pt}.

[26]
Overfull \hbox (37.38844pt too wide) in paragraph at lines 900--901
 [][]
 []

Package acronym Info: Label `acro:EPIC' newly defined as it shall be overridden

although it is yet undefined on input line 907.
Package acronym Info: Label `acro:SP' newly defined as it shall be overridden
although it is yet undefined on input line 907.

Package fancyhdr Warning: \headheight is too small (12.0pt):
(fancyhdr)                Make it at least 13.59999pt, for example:
(fancyhdr)                \setlength{\headheight}{13.59999pt}.
(fancyhdr)                You might also make \topmargin smaller:
(fancyhdr)                \addtolength{\topmargin}{-1.59999pt}.

[27]
Overfull \hbox (4.24023pt too wide) in paragraph at lines 925--925
\TU/lmr/m/n/12 institucional
 []


Overfull \hbox (1.6427pt too wide) in paragraph at lines 925--925
\TU/lmr/m/n/12 profesional).
 []


Overfull \hbox (3.8183pt too wide) in paragraph at lines 925--925
\TU/lmr/m/n/12 configurable.
 []


Overfull \hbox (8.07399pt too wide) in paragraph at lines 925--925
\TU/lmr/m/n/12 alucinaciones
 []


Overfull \hbox (3.25502pt too wide) in paragraph at lines 925--925
\TU/lmr/m/n/12 destinatario,
 []


LaTeX Warning: Float too large for page by 572.14046pt on input line 926.


Underfull \hbox (badness 4686) in paragraph at lines 953--953
[]|\TU/lmr/bx/n/10 HU /
 []


Overfull \hbox (9.66312pt too wide) in paragraph at lines 953--953
\TU/lmr/bx/n/10 requisito|
 []


Underfull \hbox (badness 10000) in paragraph at lines 953--953
[]|\TU/lmr/bx/n/10 DoD
 []


Overfull \hbox (14.71013pt too wide) in paragraph at lines 953--953
[]|\TU/lmr/bx/n/10 Evidencia|
 []


Underfull \hbox (badness 10000) in paragraph at lines 953--953
[]|\TU/lmr/m/n/10 Input
 []


Underfull \hbox (badness 10000) in paragraph at lines 953--953
\TU/lmr/m/n/10 desde
 []


Underfull \hbox (badness 10000) in paragraph at lines 953--953
\TU/lmr/m/n/10 Sheet;
 []


Underfull \hbox (badness 10000) in paragraph at lines 953--953
\TU/lmr/m/n/10 output
 []


Underfull \hbox (badness 10000) in paragraph at lines 953--953
\TU/lmr/m/n/10 en
 []


Underfull \hbox (badness 10000) in paragraph at lines 953--953
\TU/lmr/m/n/10 Google
 []


Underfull \hbox (badness 10000) in paragraph at lines 953--953
\TU/lmr/m/n/10 Docs;
 []


Overfull \hbox (2.04704pt too wide) in paragraph at lines 953--953
\TU/lmr/m/n/10 plantilla
 []


Overfull \hbox (19.80603pt too wide) in paragraph at lines 953--953
\TU/lmr/m/n/10 institucional
 []


Overfull \hbox (3.65724pt too wide) in paragraph at lines 953--953
\TU/lmr/m/n/10 aplicada;
 []


Overfull \hbox (9.39044pt too wide) in paragraph at lines 953--953
\TU/lmr/m/n/10 validación
 []


Overfull \hbox (3.67386pt too wide) in paragraph at lines 953--953
\TU/lmr/m/n/10 humana.|
 []


Overfull \hbox (15.78806pt too wide) in paragraph at lines 953--953
[]|\TU/lmr/m/n/10 Documento
 []


Overfull \hbox (6.40125pt too wide) in paragraph at lines 953--953
\TU/lmr/m/n/10 generado,
 []


Underfull \hbox (badness 10000) in paragraph at lines 953--953
\TU/lmr/m/n/10 log,
 []


Overfull \hbox (2.88306pt too wide) in paragraph at lines 953--953
\TU/lmr/m/n/10 checklist
 []


Underfull \hbox (badness 10000) in paragraph at lines 953--953
\TU/lmr/m/n/10 de
 []


Overfull \hbox (2.99527pt too wide) in paragraph at lines 953--953
[]|\TU/lmr/m/n/10 Formato
 []


Overfull \hbox (8.85944pt too wide) in paragraph at lines 953--953
\TU/lmr/m/n/10 adaptable
 []


Underfull \hbox (badness 10000) in paragraph at lines 953--953
\TU/lmr/m/n/10 a
 []


Overfull \hbox (10.29027pt too wide) in paragraph at lines 953--953
\TU/lmr/m/n/10 Instagram
 []


Underfull \hbox (badness 10000) in paragraph at lines 953--953
\TU/lmr/m/n/10 y
 []


Overfull \hbox (6.23325pt too wide) in paragraph at lines 953--953
\TU/lmr/m/n/10 LinkedIn;
 []


Underfull \hbox (badness 10000) in paragraph at lines 953--953
\TU/lmr/m/n/10 texto
 []


Underfull \hbox (badness 10000) in paragraph at lines 953--953
\TU/lmr/m/n/10 limpio
 []


Underfull \hbox (badness 10000) in paragraph at lines 953--953
\TU/lmr/m/n/10 y
 []


Overfull \hbox (8.83025pt too wide) in paragraph at lines 953--953
\TU/lmr/m/n/10 coherente;
 []


Overfull \hbox (2.33264pt too wide) in paragraph at lines 953--953
\TU/lmr/m/n/10 longitud
 []


Overfull \hbox (20.02322pt too wide) in paragraph at lines 953--953
\TU/lmr/m/n/10 configurable;
 []


Overfull \hbox (9.39044pt too wide) in paragraph at lines 953--953
\TU/lmr/m/n/10 validación
 []


Overfull \hbox (3.67386pt too wide) in paragraph at lines 953--953
\TU/lmr/m/n/10 humana.|
 []


Overfull \hbox (5.33727pt too wide) in paragraph at lines 953--953
[]|\TU/lmr/m/n/10 Borrador
 []


Underfull \hbox (badness 10000) in paragraph at lines 953--953
\TU/lmr/m/n/10 log,
 []


Overfull \hbox (2.88306pt too wide) in paragraph at lines 953--953
\TU/lmr/m/n/10 checklist
 []


Underfull \hbox (badness 10000) in paragraph at lines 953--953
[]|\TU/lmr/m/n/10 Trigger
 []


Underfull \hbox (badness 10000) in paragraph at lines 953--953
\TU/lmr/m/n/10 al
 []


Overfull \hbox (2.79907pt too wide) in paragraph at lines 953--953
\TU/lmr/m/n/10 registrar
 []


Overfull \hbox (14.37004pt too wide) in paragraph at lines 953--953
\TU/lmr/m/n/10 inscripción;
 []


Underfull \hbox (badness 10000) in paragraph at lines 953--953
\TU/lmr/m/n/10 email
 []


Overfull \hbox (5.06685pt too wide) in paragraph at lines 953--953
\TU/lmr/m/n/10 generado
 []


Overfull \hbox (42.01303pt too wide) in paragraph at lines 953--953
\TU/lmr/m/n/10 automáticamente;
 []


Underfull \hbox (badness 10000) in paragraph at lines 953--953
\TU/lmr/m/n/10 de
 []


Underfull \hbox (badness 10000) in paragraph at lines 953--953
[]|\TU/lmr/m/n/10 Email
 []


Overfull \hbox (2.05005pt too wide) in paragraph at lines 953--953
\TU/lmr/m/n/10 recibido,
 []


Underfull \hbox (badness 5970) in paragraph at lines 953--953
\TU/lmr/m/n/10 log de
 []


Underfull \hbox (badness 10000) in paragraph at lines 953--953
[]|\TU/lmr/m/n/10 Email
 []


Underfull \hbox (badness 10000) in paragraph at lines 953--953
\TU/lmr/m/n/10 de
 []


Underfull \hbox (badness 10000) in paragraph at lines 953--953
\TU/lmr/m/n/10 inicio
 []


Underfull \hbox (badness 10000) in paragraph at lines 953--953
\TU/lmr/m/n/10 con
 []


Overfull \hbox (8.84824pt too wide) in paragraph at lines 953--953
\TU/lmr/m/n/10 invitación
 []


Underfull \hbox (badness 1622) in paragraph at lines 953--953
\TU/lmr/m/n/10 a chat;
 []


Overfull \hbox (6.80147pt too wide) in paragraph at lines 953--953
\TU/lmr/m/n/10 respuesta
 []


Underfull \hbox (badness 10000) in paragraph at lines 953--953
\TU/lmr/m/n/10 usable;
 []


Underfull \hbox (badness 10000) in paragraph at lines 953--953
\TU/lmr/m/n/10 datos
 []


Overfull \hbox (10.86845pt too wide) in paragraph at lines 953--953
\TU/lmr/m/n/10 requeridos
 []


Overfull \hbox (13.36746pt too wide) in paragraph at lines 953--953
\TU/lmr/m/n/10 registrados
 []


Underfull \hbox (badness 10000) in paragraph at lines 953--953
\TU/lmr/m/n/10 en
 []


Overfull \hbox (2.35226pt too wide) in paragraph at lines 953--953
[]|\TU/lmr/m/n/10 Captura
 []


Underfull \hbox (badness 10000) in paragraph at lines 953--953
\TU/lmr/m/n/10 de
 []


Overfull \hbox (14.82784pt too wide) in paragraph at lines 953--953
\TU/lmr/m/n/10 interacción,
 []


Underfull \hbox (badness 10000) in paragraph at lines 953--953
\TU/lmr/m/n/10 en
 []


Overfull \hbox (3.27205pt too wide) in paragraph at lines 953--953
[]|\TU/lmr/m/n/10 Plantilla
 []


Underfull \hbox (badness 10000) in paragraph at lines 953--953
\TU/lmr/m/n/10 base;
 []


Underfull \hbox (badness 10000) in paragraph at lines 953--953
\TU/lmr/m/n/10 PDF
 []


Overfull \hbox (6.40125pt too wide) in paragraph at lines 953--953
\TU/lmr/m/n/10 generado;
 []


Overfull \hbox (9.39044pt too wide) in paragraph at lines 953--953
\TU/lmr/m/n/10 validación
 []


Underfull \hbox (badness 10000) in paragraph at lines 953--953
\TU/lmr/m/n/10 previa
 []


Overfull \hbox (15.42543pt too wide) in paragraph at lines 953--953
\TU/lmr/m/n/10 obligatoria.|
 []


Underfull \hbox (badness 10000) in paragraph at lines 953--953
[]|\TU/lmr/m/n/10 PDF
 []


Overfull \hbox (6.40125pt too wide) in paragraph at lines 953--953
\TU/lmr/m/n/10 generado,
 []


Overfull \hbox (13.78883pt too wide) in paragraph at lines 953--953
\TU/lmr/m/n/10 aprobación
 []


Underfull \hbox (badness 10000) in paragraph at lines 953--953
\TU/lmr/m/n/10 manual,
 []


Underfull \hbox (badness 10000) in paragraph at lines 953--953
[]|\TU/lmr/m/n/10 RNF
 []


Overfull \hbox (7.85005pt too wide) in paragraph at lines 953--953
\TU/lmr/m/n/10 seguridad
 []


Underfull \hbox (badness 10000) in paragraph at lines 953--953
\TU/lmr/m/n/10 /
 []


Overfull \hbox (10.06352pt too wide) in paragraph at lines 953--953
\TU/lmr/m/n/10 CONEAU|
 []


Overfull \hbox (11.54204pt too wide) in paragraph at lines 953--953
[]|\TU/lmr/m/n/10 Inventario,
 []


Overfull \hbox (17.63045pt too wide) in paragraph at lines 953--953
\TU/lmr/m/n/10 credenciales
 []


Underfull \hbox (badness 10000) in paragraph at lines 953--953
[][]\TU/lmr/m/n/10 ,
 []


Underfull \hbox (badness 10000) in paragraph at lines 953--953
\TU/lmr/m/n/10 logs,
 []


Overfull \hbox (9.39044pt too wide) in paragraph at lines 953--953
\TU/lmr/m/n/10 validación
 []


Underfull \hbox (badness 10000) in paragraph at lines 953--953
\TU/lmr/m/n/10 formal
 []


Overfull \hbox (12.23065pt too wide) in paragraph at lines 953--953
\TU/lmr/m/n/10 registrada.|
 []


Overfull \hbox (2.52867pt too wide) in paragraph at lines 953--953
[]|\TU/lmr/m/n/10 Registro
 []


Underfull \hbox (badness 10000) in paragraph at lines 953--953
\TU/lmr/m/n/10 de
 []


Underfull \hbox (badness 10000) in paragraph at lines 953--953
\TU/lmr/m/n/10 activos,
 []


Overfull \hbox (2.88306pt too wide) in paragraph at lines 953--953
\TU/lmr/m/n/10 checklist
 []


Overfull \hbox (9.18445pt too wide) in paragraph at lines 953--953
\TU/lmr/m/n/10 seguridad,
 []


Underfull \hbox (badness 10000) in paragraph at lines 953--953
[]|\TU/lmr/m/n/10 HU-
 []


Underfull \hbox (badness 10000) in paragraph at lines 953--953
\TU/lmr/m/n/10 015,
 []


Underfull \hbox (badness 10000) in paragraph at lines 953--953
\TU/lmr/m/n/10 HU-
 []


Underfull \hbox (badness 10000) in paragraph at lines 953--953
\TU/lmr/m/n/10 025,
 []


Underfull \hbox (badness 10000) in paragraph at lines 953--953
\TU/lmr/m/n/10 HU-
 []


Underfull \hbox (badness 10000) in paragraph at lines 953--953
\TU/lmr/m/n/10 052,
 []


Underfull \hbox (badness 10000) in paragraph at lines 953--953
\TU/lmr/m/n/10 fuera
 []


Underfull \hbox (badness 10000) in paragraph at lines 953--953
\TU/lmr/m/n/10 de
 []


Underfull \hbox (badness 10000) in paragraph at lines 953--953
\TU/lmr/m/n/10 alcance
 []


Underfull \hbox (badness 10000) in paragraph at lines 953--953
[]|\TU/lmr/m/n/10 No
 []


Overfull \hbox (20.36906pt too wide) in paragraph at lines 953--953
\TU/lmr/m/n/10 implementar
 []


Overfull \hbox (4.74504pt too wide) in paragraph at lines 953--953
\TU/lmr/m/n/10 analítica,
 []


Overfull \hbox (3.73566pt too wide) in paragraph at lines 953--953
\TU/lmr/m/n/10 scraping,
 []


Overfull \hbox (2.86185pt too wide) in paragraph at lines 953--953
\TU/lmr/m/n/10 atención
 []


Underfull \hbox (badness 10000) in paragraph at lines 953--953
\TU/lmr/m/n/10 pública
 []


Underfull \hbox (badness 10000) in paragraph at lines 953--953
\TU/lmr/m/n/10 ni
 []


Underfull \hbox (badness 10000) in paragraph at lines 953--953
\TU/lmr/m/n/10 soporte
 []


Overfull \hbox (29.07544pt too wide) in paragraph at lines 953--953
\TU/lmr/m/n/10 administrativo
 []


Underfull \hbox (badness 10000) in paragraph at lines 953--953
\TU/lmr/m/n/10 como
 []


Underfull \hbox (badness 10000) in paragraph at lines 953--953
\TU/lmr/m/n/10 parte
 []


Overfull \hbox (3.32246pt too wide) in paragraph at lines 953--953
[]|\TU/lmr/m/n/10 Revisión
 []


Underfull \hbox (badness 10000) in paragraph at lines 953--953
\TU/lmr/m/n/10 de
 []


Underfull \hbox (badness 10000) in paragraph at lines 953--953
\TU/lmr/m/n/10 backlog
 []


Underfull \hbox (badness 10000) in paragraph at lines 953--953
\TU/lmr/m/n/10 y
 []


Overfull \hbox (0.67645pt too wide) in paragraph at lines 953--953
\TU/lmr/m/n/10 alcance.|
 []


Package fancyhdr Warning: \headheight is too small (12.0pt):
(fancyhdr)                Make it at least 13.59999pt, for example:
(fancyhdr)                \setlength{\headheight}{13.59999pt}.
(fancyhdr)                You might also make \topmargin smaller:
(fancyhdr)                \addtolength{\topmargin}{-1.59999pt}.

[28]

Package fancyhdr Warning: \headheight is too small (12.0pt):
(fancyhdr)                Make it at least 13.59999pt, for example:
(fancyhdr)                \setlength{\headheight}{13.59999pt}.
(fancyhdr)                You might also make \topmargin smaller:
(fancyhdr)                \addtolength{\topmargin}{-1.59999pt}.

[29]
Overfull \vbox (268.62602pt too high) has occurred while \output is active []



Package fancyhdr Warning: \headheight is too small (12.0pt):
(fancyhdr)                Make it at least 13.59999pt, for example:
(fancyhdr)                \setlength{\headheight}{13.59999pt}.
(fancyhdr)                You might also make \topmargin smaller:
(fancyhdr)                \addtolength{\topmargin}{-1.59999pt}.

[30]
Overfull \hbox (1.79448pt too wide) in paragraph at lines 976--977
\TU/lmr/m/n/12 procesando exclusivamente insumos del personal de la [][] vía Go
ogle Sheets. La integración
 []


Package fancyhdr Warning: \headheight is too small (12.0pt):
(fancyhdr)                Make it at least 13.59999pt, for example:
(fancyhdr)                \setlength{\headheight}{13.59999pt}.
(fancyhdr)                You might also make \topmargin smaller:
(fancyhdr)                \addtolength{\topmargin}{-1.59999pt}.

[31]
Package acronym Info: Label `acro:EDT' newly defined as it shall be overridden
although it is yet undefined on input line 1063.

Underfull \hbox (badness 4072) in paragraph at lines 1082--1082
\TU/lmr/m/n/12 seguridad, logs, registro de
 []


Underfull \hbox (badness 10000) in paragraph at lines 1082--1082
[]|\TU/lmr/m/n/12 Relevamiento P4, equipo
 []


Underfull \hbox (badness 1048) in paragraph at lines 1082--1082
\TU/lmr/m/n/12 validador [][], dependencias
 []


Underfull \hbox (badness 10000) in paragraph at lines 1082--1082
\TU/lmr/m/n/12 HU-001/HU-002, matriz de
 []


Underfull \hbox (badness 5939) in paragraph at lines 1082--1082
[]|\TU/lmr/m/n/12 Email de inicio, invitación
 []


Underfull \hbox (badness 3803) in paragraph at lines 1082--1082
\TU/lmr/m/n/12 a chat, registro en Sheets,
 []


Underfull \hbox (badness 7796) in paragraph at lines 1082--1082
\TU/lmr/m/n/12 validación de usabilidad y
 []


Underfull \hbox (badness 10000) in paragraph at lines 1082--1082
[]|\TU/lmr/m/n/12 Plantilla, generación PDF,
 []


Underfull \hbox (badness 5302) in paragraph at lines 1082--1082
\TU/lmr/m/n/12 aprobación manual, log de
 []


Underfull \hbox (badness 10000) in paragraph at lines 1082--1082
[]|\TU/lmr/m/n/12 Contratos/mocks A2--A5,
 []


Underfull \hbox (badness 10000) in paragraph at lines 1082--1082
\TU/lmr/m/n/12 integración progresiva,
 []


Underfull \hbox (badness 2409) in paragraph at lines 1082--1082
\TU/lmr/m/n/12 pruebas [][], informe final,
 []


Underfull \hbox (badness 3758) in paragraph at lines 1103--1103
\TU/lmr/m/n/12 definidas con la SEU. HU-010 y HU-011
 []


Underfull \hbox (badness 2799) in paragraph at lines 1103--1103
[]|\TU/lmr/m/n/12 HU-012, HU-013 y HU-014 implementados.
 []


Underfull \hbox (badness 10000) in paragraph at lines 1103--1103
[]|\TU/lmr/m/n/12 Consolidación, métricas de impacto,
 []


Package fancyhdr Warning: \headheight is too small (12.0pt):
(fancyhdr)                Make it at least 13.59999pt, for example:
(fancyhdr)                \setlength{\headheight}{13.59999pt}.
(fancyhdr)                You might also make \topmargin smaller:
(fancyhdr)                \addtolength{\topmargin}{-1.59999pt}.

[32]

Package fancyhdr Warning: \headheight is too small (12.0pt):
(fancyhdr)                Make it at least 13.59999pt, for example:
(fancyhdr)                \setlength{\headheight}{13.59999pt}.
(fancyhdr)                You might also make \topmargin smaller:
(fancyhdr)                \addtolength{\topmargin}{-1.59999pt}.

[33]
Underfull \hbox (badness 7796) in paragraph at lines 1157--1157
\TU/lmr/m/n/12 de procesos de comunicación,
 []


Underfull \hbox (badness 7925) in paragraph at lines 1157--1157
\TU/lmr/m/n/12 Configuración del entorno de
 []


Underfull \hbox (badness 10000) in paragraph at lines 1157--1157
\TU/lmr/m/n/12 desarrollo (Ollama, FastAPI,
 []


Underfull \hbox (badness 10000) in paragraph at lines 1157--1157
[]|\TU/lmr/m/n/12 Co-diseño de plantillas
 []


Underfull \hbox (badness 10000) in paragraph at lines 1157--1157
\TU/lmr/m/n/12 institucionales con la [][].
 []


Underfull \hbox (badness 10000) in paragraph at lines 1157--1157
\TU/lmr/m/n/12 Configuración de cuentas de
 []


Underfull \hbox (badness 5359) in paragraph at lines 1157--1157
\TU/lmr/m/n/12 de cadenas de prompts para
 []


Underfull \hbox (badness 6995) in paragraph at lines 1157--1157
\TU/lmr/m/n/12 primer prototipo de gacetilla,
 []


Underfull \hbox (badness 3623) in paragraph at lines 1157--1157
\TU/lmr/m/n/12 pruebas unitarias y validación
 []


Underfull \hbox (badness 10000) in paragraph at lines 1157--1157
\TU/lmr/m/n/12 temprana. Inicio paralelo de
 []


Underfull \hbox (badness 2762) in paragraph at lines 1157--1157
\TU/lmr/m/n/12 parcial de evidencias, defectos,
 []


Underfull \hbox (badness 10000) in paragraph at lines 1157--1157
[]|\TU/lmr/m/n/12 Ciclo HU-012: confirmaciones
 []


Underfull \hbox (badness 5022) in paragraph at lines 1157--1157
\TU/lmr/m/n/12 a chat, registro operativo en
 []


Underfull \hbox (badness 10000) in paragraph at lines 1157--1157
\TU/lmr/m/n/12 Refinamiento del [][] HU-
 []


Underfull \hbox (badness 10000) in paragraph at lines 1157--1157
[]|\TU/lmr/m/n/12 Ciclo HU-014: plantilla de
 []


Underfull \hbox (badness 10000) in paragraph at lines 1157--1157
\TU/lmr/m/n/12 certificado, generación PDF,
 []


Underfull \hbox (badness 6592) in paragraph at lines 1157--1157
\TU/lmr/m/n/12 aprobación manual y log de
 []


Underfull \hbox (badness 4927) in paragraph at lines 1157--1157
\TU/lmr/m/n/12 emisión. Integración progresiva
 []


Underfull \hbox (badness 10000) in paragraph at lines 1157--1157
[]|\TU/lmr/m/n/12 Pruebas con usuarios reales
 []


Underfull \hbox (badness 10000) in paragraph at lines 1157--1157
\TU/lmr/m/n/12 trazabilidad, defectos críticos,
 []


Underfull \hbox (badness 5431) in paragraph at lines 1157--1157
\TU/lmr/m/n/12 entrega del informe final del
 []


Package fancyhdr Warning: \headheight is too small (12.0pt):
(fancyhdr)                Make it at least 13.59999pt, for example:
(fancyhdr)                \setlength{\headheight}{13.59999pt}.
(fancyhdr)                You might also make \topmargin smaller:
(fancyhdr)                \addtolength{\topmargin}{-1.59999pt}.

[34]
Overfull \vbox (206.08546pt too high) has occurred while \output is active []



Package fancyhdr Warning: \headheight is too small (12.0pt):
(fancyhdr)                Make it at least 13.59999pt, for example:
(fancyhdr)                \setlength{\headheight}{13.59999pt}.
(fancyhdr)                You might also make \topmargin smaller:
(fancyhdr)                \addtolength{\topmargin}{-1.59999pt}.

[35]
Underfull \hbox (badness 2302) in paragraph at lines 1193--1193
[]|$\OML/cmm/m/it/10 <$ \TU/lmr/m/n/10 30 segundos por pieza
 []


Underfull \hbox (badness 10000) in paragraph at lines 1193--1193
[]|\TU/lmr/m/n/10 Acciones oficiales con
 []


Underfull \hbox (badness 10000) in paragraph at lines 1193--1193
[]|\TU/lmr/m/n/10 Checklist 1--4: precisión
 []


Underfull \hbox (badness 10000) in paragraph at lines 1193--1193
[]|\TU/lmr/m/n/10 Canales institucionales
 []


Underfull \hbox (badness 10000) in paragraph at lines 1193--1193
[]|\TU/lmr/m/n/10 Borradores rechazados /
 []


Underfull \hbox (badness 10000) in paragraph at lines 1193--1193
[]|\TU/lmr/m/n/10 Acciones con ID, fecha,
 []


Underfull \hbox (badness 3088) in paragraph at lines 1193--1193
\TU/lmr/m/n/10 solicitante, output, estado,
 []


Underfull \hbox (badness 10000) in paragraph at lines 1193--1193
\TU/lmr/m/n/10 validador y evidencia /
 []


Underfull \hbox (badness 4556) in paragraph at lines 1193--1193
[]|\TU/lmr/m/n/10 Checks [][] cumplidos /
 []


Underfull \hbox (badness 10000) in paragraph at lines 1193--1193
[]|\TU/lmr/m/n/10 100% para el gate
 []


Underfull \hbox (badness 10000) in paragraph at lines 1216--1216
[]|\TU/lmr/bx/n/10 Responsable /
 []


Underfull \hbox (badness 10000) in paragraph at lines 1216--1216
[]|\TU/lmr/m/n/10 Logs de ejecución,
 []


Underfull \hbox (badness 3724) in paragraph at lines 1216--1216
[]|\TU/lmr/m/n/10 Goñe + [][]; log,
 []


Underfull \hbox (badness 10000) in paragraph at lines 1216--1216
\TU/lmr/m/n/10 baseline manual
 []


Underfull \hbox (badness 10000) in paragraph at lines 1216--1216
\TU/lmr/m/n/10 y reporte de
 []


Underfull \hbox (badness 2903) in paragraph at lines 1216--1216
[]|\TU/lmr/m/n/10 Planilla de estados,
 []


Underfull \hbox (badness 10000) in paragraph at lines 1216--1216
[]|\TU/lmr/m/n/10 Goñe + validador
 []


Underfull \hbox (badness 10000) in paragraph at lines 1216--1216
\TU/lmr/m/n/10 institucional; Sheet,
 []


Underfull \hbox (badness 10000) in paragraph at lines 1216--1216
\TU/lmr/m/n/10 checklist, link a
 []


Underfull \hbox (badness 10000) in paragraph at lines 1216--1216
[]|\TU/lmr/m/n/10 Checklist [][]
 []


Underfull \hbox (badness 10000) in paragraph at lines 1216--1216
\TU/lmr/m/n/10 1--4, observaciones
 []


Underfull \hbox (badness 10000) in paragraph at lines 1216--1216
\TU/lmr/m/n/10 y rechazos de
 []


Underfull \hbox (badness 10000) in paragraph at lines 1216--1216
[]|\TU/lmr/m/n/10 Responsable
 []


Underfull \hbox (badness 10000) in paragraph at lines 1216--1216
\TU/lmr/m/n/10 de validación;
 []


Underfull \hbox (badness 10000) in paragraph at lines 1216--1216
\TU/lmr/m/n/10 formulario/checklist,
 []


Underfull \hbox (badness 10000) in paragraph at lines 1216--1216
\TU/lmr/m/n/10 registro de
 []


Underfull \hbox (badness 10000) in paragraph at lines 1216--1216
[]|\TU/lmr/m/n/10 Paquete de gate
 []


Underfull \hbox (badness 10000) in paragraph at lines 1216--1216
[][]\TU/lmr/m/n/10 , reporte de
 []


Underfull \hbox (badness 3108) in paragraph at lines 1216--1216
\TU/lmr/m/n/10 pruebas, defectos y
 []


Underfull \hbox (badness 10000) in paragraph at lines 1216--1216
[]|\TU/lmr/m/n/10 Director/Tutor +
 []


Underfull \hbox (badness 1783) in paragraph at lines 1216--1216
\TU/lmr/m/n/10 Goñe; acta, reporte
 []


Underfull \hbox (badness 1014) in paragraph at lines 1216--1216
\TU/lmr/m/n/10 de pruebas, registro
 []


Underfull \hbox (badness 4120) in paragraph at lines 1216--1216
[]|\TU/lmr/m/n/10 Backlog, matriz de
 []


Underfull \hbox (badness 10000) in paragraph at lines 1216--1216
[]|\TU/lmr/m/n/10 Checklist de
 []


Underfull \hbox (badness 4569) in paragraph at lines 1216--1216
\TU/lmr/m/n/10 seguridad: permisos,
 []


Underfull \hbox (badness 10000) in paragraph at lines 1216--1216
\TU/lmr/m/n/10 secretos, [][],
 []


Underfull \hbox (badness 1648) in paragraph at lines 1216--1216
[]|\TU/lmr/m/n/10 Responsable técnico;
 []


Underfull \hbox (badness 10000) in paragraph at lines 1216--1216
\TU/lmr/m/n/10 checklist, pruebas
 []


Underfull \hbox (badness 1596) in paragraph at lines 1216--1216
\TU/lmr/m/n/10 negativas y registro
 []


Package fancyhdr Warning: \headheight is too small (12.0pt):
(fancyhdr)                Make it at least 13.59999pt, for example:
(fancyhdr)                \setlength{\headheight}{13.59999pt}.
(fancyhdr)                You might also make \topmargin smaller:
(fancyhdr)                \addtolength{\topmargin}{-1.59999pt}.

[36]
Underfull \hbox (badness 10000) in paragraph at lines 1243--1243
[]|\TU/lmr/bx/n/10 Estrategia de
 []


Underfull \hbox (badness 10000) in paragraph at lines 1243--1243
[]|\TU/lmr/m/n/10 El personal de
 []


Underfull \hbox (badness 10000) in paragraph at lines 1243--1243
\TU/lmr/m/n/10 la Secretaría
 []


Underfull \hbox (badness 10000) in paragraph at lines 1243--1243
\TU/lmr/m/n/10 debe involucrarse
 []


Underfull \hbox (badness 2600) in paragraph at lines 1243--1243
\TU/lmr/m/n/10 activamente en el
 []


Underfull \hbox (badness 10000) in paragraph at lines 1243--1243
\TU/lmr/m/n/10 y la validación
 []


Underfull \hbox (badness 10000) in paragraph at lines 1243--1243
\TU/lmr/m/n/10 del contenido
 []


Underfull \hbox (badness 10000) in paragraph at lines 1243--1243
\TU/lmr/m/n/10 agente produce
 []


Underfull \hbox (badness 10000) in paragraph at lines 1243--1243
\TU/lmr/m/n/10 contenido
 []


Underfull \hbox (badness 10000) in paragraph at lines 1243--1243
\TU/lmr/m/n/10 desalineado con
 []


Underfull \hbox (badness 1389) in paragraph at lines 1243--1243
\TU/lmr/m/n/10 co-diseño incluidas
 []


Underfull \hbox (badness 3536) in paragraph at lines 1243--1243
\TU/lmr/m/n/10 en el cronograma
 []


Underfull \hbox (badness 10000) in paragraph at lines 1243--1243
[][] \TU/lmr/m/n/10 depende
 []


Underfull \hbox (badness 10000) in paragraph at lines 1243--1243
\TU/lmr/m/n/10 del diseño y
 []


Underfull \hbox (badness 10000) in paragraph at lines 1243--1243
\TU/lmr/m/n/10 refinamiento
 []


Underfull \hbox (badness 10000) in paragraph at lines 1243--1243
\TU/lmr/m/n/10 continuo de los
 []


Underfull \hbox (badness 4819) in paragraph at lines 1243--1243
\TU/lmr/m/n/10 prompts. Prompts
 []


Underfull \hbox (badness 10000) in paragraph at lines 1243--1243
\TU/lmr/m/n/10 pobres generan
 []


Underfull \hbox (badness 10000) in paragraph at lines 1243--1243
\TU/lmr/m/n/10 contenido con
 []


Underfull \hbox (badness 10000) in paragraph at lines 1243--1243
\TU/lmr/m/n/10 alucinaciones o
 []


Underfull \hbox (badness 10000) in paragraph at lines 1243--1243
\TU/lmr/m/n/10 tono inapropiado,
 []


Underfull \hbox (badness 10000) in paragraph at lines 1243--1243
[]|\TU/lmr/m/n/10 Ciclo de
 []


Underfull \hbox (badness 10000) in paragraph at lines 1243--1243
\TU/lmr/m/n/10 refinamiento
 []


Underfull \hbox (badness 10000) in paragraph at lines 1243--1243
\TU/lmr/m/n/10 de prompts con
 []


Underfull \hbox (badness 10000) in paragraph at lines 1243--1243
\TU/lmr/m/n/10 retroalimentación
 []


Underfull \hbox (badness 10000) in paragraph at lines 1243--1243
\TU/lmr/m/n/10 del validador
 []


Underfull \hbox (badness 6625) in paragraph at lines 1243--1243
\TU/lmr/m/n/10 humano desde el
 []


Underfull \hbox (badness 10000) in paragraph at lines 1243--1243
[]|\TU/lmr/m/n/10 La capa de
 []


Underfull \hbox (badness 10000) in paragraph at lines 1243--1243
\TU/lmr/m/n/10 orquestación y
 []


Underfull \hbox (badness 10000) in paragraph at lines 1243--1243
\TU/lmr/m/n/10 agentes son co-
 []


Underfull \hbox (badness 10000) in paragraph at lines 1243--1243
\TU/lmr/m/n/10 responsabilidad
 []


Underfull \hbox (badness 10000) in paragraph at lines 1243--1243
\TU/lmr/m/n/10 de ambos
 []


Underfull \hbox (badness 10000) in paragraph at lines 1243--1243
\TU/lmr/m/n/10 desarrolladores.
 []


Underfull \hbox (badness 10000) in paragraph at lines 1243--1243
\TU/lmr/m/n/10 Desalineación en
 []


Underfull \hbox (badness 10000) in paragraph at lines 1243--1243
\TU/lmr/m/n/10 la arquitectura
 []


Underfull \hbox (badness 10000) in paragraph at lines 1243--1243
\TU/lmr/m/n/10 puede bloquear
 []


Underfull \hbox (badness 1603) in paragraph at lines 1243--1243
\TU/lmr/m/n/10 la integración con
 []


Underfull \hbox (badness 10000) in paragraph at lines 1243--1243
[]|\TU/lmr/m/n/10 Reuniones
 []


Underfull \hbox (badness 10000) in paragraph at lines 1243--1243
\TU/lmr/m/n/10 periódicas de
 []


Underfull \hbox (badness 10000) in paragraph at lines 1243--1243
\TU/lmr/m/n/10 sincronización
 []


Underfull \hbox (badness 10000) in paragraph at lines 1243--1243
\TU/lmr/m/n/10 con Goñe, Juan
 []


Underfull \hbox (badness 2012) in paragraph at lines 1243--1243
\TU/lmr/m/n/10 Ignacio. Definición
 []


Underfull \hbox (badness 10000) in paragraph at lines 1243--1243
\TU/lmr/m/n/10 de contratos de
 []


Underfull \hbox (badness 1742) in paragraph at lines 1243--1243
\TU/lmr/m/n/10 interfaz en agosto
 []


Underfull \hbox (badness 10000) in paragraph at lines 1243--1243
[]|\TU/lmr/m/n/10 Ningún dato
 []


Underfull \hbox (badness 10000) in paragraph at lines 1243--1243
\TU/lmr/m/n/10 institucional
 []


Underfull \hbox (badness 10000) in paragraph at lines 1243--1243
\TU/lmr/m/n/10 sensible puede
 []


Underfull \hbox (badness 3343) in paragraph at lines 1243--1243
\TU/lmr/m/n/10 de [][] externos.
 []


Underfull \hbox (badness 3364) in paragraph at lines 1243--1243
\TU/lmr/m/n/10 El incumplimiento
 []


Underfull \hbox (badness 10000) in paragraph at lines 1243--1243
\TU/lmr/m/n/10 defensa nacional
 []


Underfull \hbox (badness 2809) in paragraph at lines 1243--1243
\TU/lmr/m/n/10 y vulnera la Ley
 []


Underfull \hbox (badness 10000) in paragraph at lines 1243--1243
\TU/lmr/m/n/10 inferencia base.
 []


Underfull \hbox (badness 1642) in paragraph at lines 1243--1243
\TU/lmr/m/n/10 de datos en cada
 []


Underfull \hbox (badness 10000) in paragraph at lines 1243--1243
\TU/lmr/m/n/10 release. Cualquier
 []


Underfull \hbox (badness 10000) in paragraph at lines 1243--1243
\TU/lmr/m/n/10 queda restringida
 []


Underfull \hbox (badness 10000) in paragraph at lines 1243--1243
\TU/lmr/m/n/10 a contingencia
 []


Underfull \hbox (badness 10000) in paragraph at lines 1243--1243
\TU/lmr/m/n/10 aprobada, datos
 []


Underfull \hbox (badness 10000) in paragraph at lines 1243--1243
\TU/lmr/m/n/10 anonimizados y
 []


Underfull \hbox (badness 10000) in paragraph at lines 1243--1243
[]|\TU/lmr/m/n/10 La integración
 []


Underfull \hbox (badness 7064) in paragraph at lines 1243--1243
\TU/lmr/m/n/10 columna vertebral
 []


Underfull \hbox (badness 10000) in paragraph at lines 1243--1243
\TU/lmr/m/n/10 del sistema en
 []


Underfull \hbox (badness 10000) in paragraph at lines 1243--1243
\TU/lmr/m/n/10 S1. Cambios de
 []


Underfull \hbox (badness 10000) in paragraph at lines 1243--1243
\TU/lmr/m/n/10 permisos, cuotas
 []


Underfull \hbox (badness 10000) in paragraph at lines 1243--1243
\TU/lmr/m/n/10 de Apps Script
 []


Underfull \hbox (badness 10000) in paragraph at lines 1243--1243
\TU/lmr/m/n/10 o políticas de
 []


Underfull \hbox (badness 10000) in paragraph at lines 1243--1243
\TU/lmr/m/n/10 Google pueden
 []


Underfull \hbox (badness 10000) in paragraph at lines 1243--1243
[]|\TU/lmr/m/n/10 Configuración de
 []


Underfull \hbox (badness 10000) in paragraph at lines 1243--1243
\TU/lmr/m/n/10 con permisos
 []


Underfull \hbox (badness 10000) in paragraph at lines 1243--1243
\TU/lmr/m/n/10 triggers manuales
 []


Underfull \hbox (badness 10000) in paragraph at lines 1243--1243
\TU/lmr/m/n/10 como nodo de
 []


Underfull \hbox (badness 10000) in paragraph at lines 1243--1243
\TU/lmr/m/n/10 comunicación
 []


Underfull \hbox (badness 10000) in paragraph at lines 1243--1243
\TU/lmr/m/n/10 institucional en
 []


Underfull \hbox (badness 10000) in paragraph at lines 1243--1243
\TU/lmr/m/n/10 S2: transforma
 []


Underfull \hbox (badness 10000) in paragraph at lines 1243--1243
\TU/lmr/m/n/10 el contenido
 []


Underfull \hbox (badness 10000) in paragraph at lines 1243--1243
\TU/lmr/m/n/10 producido por
 []


Underfull \hbox (badness 1540) in paragraph at lines 1243--1243
\TU/lmr/m/n/10 los demás agentes
 []


Underfull \hbox (badness 3579) in paragraph at lines 1243--1243
\TU/lmr/m/n/10 en comunicaciones
 []


Underfull \hbox (badness 10000) in paragraph at lines 1243--1243
\TU/lmr/m/n/10 institucionales. Si
 []


Underfull \hbox (badness 10000) in paragraph at lines 1243--1243
\TU/lmr/m/n/10 al momento de
 []


Underfull \hbox (badness 10000) in paragraph at lines 1243--1243
\TU/lmr/m/n/10 la integración,
 []


Underfull \hbox (badness 10000) in paragraph at lines 1243--1243
\TU/lmr/m/n/10 la función de
 []


Underfull \hbox (badness 10000) in paragraph at lines 1243--1243
\TU/lmr/m/n/10 comunicación
 []


Underfull \hbox (badness 10000) in paragraph at lines 1243--1243
\TU/lmr/m/n/10 integrada queda
 []


Underfull \hbox (badness 10000) in paragraph at lines 1243--1243
\TU/lmr/m/n/10 sin contenido
 []


Underfull \hbox (badness 10000) in paragraph at lines 1243--1243
\TU/lmr/m/n/10 que distribuir,
 []


Underfull \hbox (badness 10000) in paragraph at lines 1243--1243
\TU/lmr/m/n/10 reduciendo el
 []


Underfull \hbox (badness 10000) in paragraph at lines 1243--1243
\TU/lmr/m/n/10 alcance a la
 []


Underfull \hbox (badness 10000) in paragraph at lines 1243--1243
[]|\TU/lmr/m/n/10 Definición de
 []


Underfull \hbox (badness 10000) in paragraph at lines 1243--1243
\TU/lmr/m/n/10 que permiten
 []


Underfull \hbox (badness 10000) in paragraph at lines 1243--1243
\TU/lmr/m/n/10 la comunicación
 []


Underfull \hbox (badness 10000) in paragraph at lines 1243--1243
\TU/lmr/m/n/10 integrada
 []


Underfull \hbox (badness 10000) in paragraph at lines 1243--1243
\TU/lmr/m/n/10 del avance de
 []


Underfull \hbox (badness 10000) in paragraph at lines 1243--1243
\TU/lmr/m/n/10 Integración real
 []


Underfull \hbox (badness 10000) in paragraph at lines 1243--1243
\TU/lmr/m/n/10 progresiva en S2
 []


Underfull \hbox (badness 10000) in paragraph at lines 1243--1243
[]|\TU/lmr/m/n/10 La defensa
 []


Underfull \hbox (badness 1917) in paragraph at lines 1243--1243
\TU/lmr/m/n/10 generó, desde qué
 []


Underfull \hbox (badness 10000) in paragraph at lines 1243--1243
\TU/lmr/m/n/10 insumo, con qué
 []


Underfull \hbox (badness 10000) in paragraph at lines 1243--1243
\TU/lmr/m/n/10 y qué evidencia
 []


Underfull \hbox (badness 10000) in paragraph at lines 1243--1243
[]|\TU/lmr/m/n/10 Definir desde S1
 []


Underfull \hbox (badness 1688) in paragraph at lines 1243--1243
\TU/lmr/m/n/10 con \TU/lmtt/m/n/10 id_solicitud\TU/lmr/m/n/10 ,
 []


Underfull \hbox (badness 10000) in paragraph at lines 1243--1243
\TU/lmr/m/n/10 estado, validador,
 []


Underfull \hbox (badness 10000) in paragraph at lines 1243--1243
[]|\TU/lmr/m/n/10 El avance no
 []


Underfull \hbox (badness 10000) in paragraph at lines 1243--1243
\TU/lmr/m/n/10 sino por estados
 []


Underfull \hbox (badness 10000) in paragraph at lines 1243--1243
[]|\TU/lmr/m/n/10 Usar estados de
 []


Underfull \hbox (badness 10000) in paragraph at lines 1243--1243
\TU/lmr/m/n/10 implementación,
 []


Underfull \hbox (badness 10000) in paragraph at lines 1243--1243
\TU/lmr/m/n/10 en prueba, en
 []


Underfull \hbox (badness 10000) in paragraph at lines 1243--1243
\TU/lmr/m/n/10 validación [][],
 []


Underfull \hbox (badness 10000) in paragraph at lines 1243--1243
\TU/lmr/m/n/10 cerrada por
 []


Underfull \hbox (badness 1642) in paragraph at lines 1243--1243
[][]\TU/lmr/m/n/10 , observada o
 []


Underfull \hbox (badness 3471) in paragraph at lines 1243--1243
[][] \TU/lmr/m/n/10 se cierra sin
 []


Underfull \hbox (badness 10000) in paragraph at lines 1243--1243
[]|\TU/lmr/m/n/10 Sin titular y
 []


Underfull \hbox (badness 10000) in paragraph at lines 1243--1243
\TU/lmr/m/n/10 suplente de
 []


Underfull \hbox (badness 10000) in paragraph at lines 1243--1243
[]|\TU/lmr/m/n/10 Confirmar
 []


Underfull \hbox (badness 10000) in paragraph at lines 1243--1243
\TU/lmr/m/n/10 responsables por
 []


Underfull \hbox (badness 10000) in paragraph at lines 1243--1243
[][]\TU/lmr/m/n/10 ; registrar
 []


Underfull \hbox (badness 10000) in paragraph at lines 1243--1243
\TU/lmr/m/n/10 aprobaciones,
 []


Underfull \hbox (badness 10000) in paragraph at lines 1243--1243
\TU/lmr/m/n/10 observaciones y
 []


Underfull \hbox (badness 2753) in paragraph at lines 1243--1243
\TU/lmr/m/n/10 rechazos en canal
 []


Underfull \hbox (badness 10000) in paragraph at lines 1243--1243
\TU/lmr/m/n/10 formal; bloquear
 []


Underfull \hbox (badness 2418) in paragraph at lines 1243--1243
\TU/lmr/m/n/10 salidas oficiales si
 []


Underfull \hbox (badness 10000) in paragraph at lines 1243--1243
[]|\TU/lmr/m/n/10 Saltar de
 []


Underfull \hbox (badness 10000) in paragraph at lines 1243--1243
\TU/lmr/m/n/10 documentación
 []


Underfull \hbox (badness 10000) in paragraph at lines 1243--1243
\TU/lmr/m/n/10 a operación real
 []


Underfull \hbox (badness 10000) in paragraph at lines 1243--1243
\TU/lmr/m/n/10 aumenta riesgo
 []


Underfull \hbox (badness 10000) in paragraph at lines 1243--1243
\TU/lmr/m/n/10 institucional y
 []


Underfull \hbox (badness 10000) in paragraph at lines 1243--1243
[]|\TU/lmr/m/n/10 Desplegar por
 []


Underfull \hbox (badness 10000) in paragraph at lines 1243--1243
\TU/lmr/m/n/10 local controlado,
 []


Underfull \hbox (badness 6842) in paragraph at lines 1243--1243
\TU/lmr/m/n/10 exige go/no-go y
 []


Package fancyhdr Warning: \headheight is too small (12.0pt):
(fancyhdr)                Make it at least 13.59999pt, for example:
(fancyhdr)                \setlength{\headheight}{13.59999pt}.
(fancyhdr)                You might also make \topmargin smaller:
(fancyhdr)                \addtolength{\topmargin}{-1.59999pt}.

[37]
Overfull \vbox (808.49402pt too high) has occurred while \output is active []



Package fancyhdr Warning: \headheight is too small (12.0pt):
(fancyhdr)                Make it at least 13.59999pt, for example:
(fancyhdr)                \setlength{\headheight}{13.59999pt}.
(fancyhdr)                You might also make \topmargin smaller:
(fancyhdr)                \addtolength{\topmargin}{-1.59999pt}.

[38]
Overfull \hbox (9.28214pt too wide) in paragraph at lines 1249--1249
[][]\TU/lmr/m/n/12 Comisión Nacional de Evaluación y Acreditación Universitar
ia (2020). \TU/lmr/m/it/12 Guía de Autoevaluación
 []

Module polyglossia Warning: Language spanish not found in language.dat.lua on in
put line 1249
Module polyglossia Warning: Language spanish not found in language.dat.lua on in
put line 1249
Module polyglossia Warning: Language spanish not found in language.dat.lua on in
put line 1249
Module polyglossia Warning: Language spanish not found in language.dat.lua on in
put line 1249

Package fancyhdr Warning: \headheight is too small (12.0pt):
(fancyhdr)                Make it at least 13.59999pt, for example:
(fancyhdr)                \setlength{\headheight}{13.59999pt}.
(fancyhdr)                You might also make \topmargin smaller:
(fancyhdr)                \addtolength{\topmargin}{-1.59999pt}.

[39] (./Anteproyecto-PPS-Juan-Ignacio-Gone.aux)
 ***********
LaTeX2e <2025-11-01>
L3 programming layer <2026-01-19>
 ***********
Package rerunfilecheck Info: File `Anteproyecto-PPS-Juan-Ignacio-Gone.out' has
not changed.
(rerunfilecheck)             Checksum: DE0EE9B7D0EEC59DE9B25FE51C3185D0;12053.
Package logreq Info: Writing requests to 'Anteproyecto-PPS-Juan-Ignacio-Gone.ru
n.xml'.

\openout1 = Anteproyecto-PPS-Juan-Ignacio-Gone.run.xml
)

Here is how much of LuaTeX's memory you used:
 39385 strings out of 476076
 125007,1648299 words of node,token memory allocated
 615 words of node memory still in use:
   4 hlist, 1 vlist, 1 rule, 1 local_par, 4 glue, 4 kern, 1 penalty, 3 glyph, 12
 attribute, 69 glue_spec, 12 attribute_list, 2 write, 3 pdf_action nodes
   avail lists: 1:7,2:3389,3:1914,4:262,5:475,6:121,7:10508,8:57,9:966,10:17,11:
52
 60762 multiletter control sequences out of 65536+600000
 73 fonts using 5841415 bytes
 84i,14n,100p,1911b,2110s stack positions out of 10000i,1000n,20000p,200000b,200000s
</usr/share/texmf-dist/fonts/opentype/public/lm/lmroman8-italic.otf></usr/share/
texmf-dist/fonts/opentype/public/lm/lmromancaps10-regular.otf></usr/share/texmf-
dist/fonts/opentype/public/lm/lmmono10-regular.otf></usr/share/texmf-dist/fonts/
opentype/public/lm/lmroman7-regular.otf></usr/share/texmf-dist/fonts/opentype/pu
blic/lm/lmroman12-italic.otf></usr/share/texmf-dist/fonts/opentype/public/lm/lmr
oman7-italic.otf></usr/share/texmf-dist/fonts/opentype/public/lm/lmroman6-regula
r.otf></usr/share/texmf-dist/fonts/opentype/public/lm/lmmono12-regular.otf></usr
/share/texmf-dist/fonts/opentype/public/lm/lmroman10-italic.otf></usr/share/texm
f-dist/fonts/opentype/public/lm/lmroman10-bold.otf></usr/share/texmf-dist/fonts/
opentype/public/lm/lmroman8-regular.otf></usr/share/texmf-dist/fonts/opentype/pu
blic/lm/lmroman10-regular.otf></usr/share/texmf-dist/fonts/opentype/public/lm/lm
roman12-regular.otf></usr/share/texmf-dist/fonts/opentype/public/lm/lmroman12-bo
ld.otf></usr/share/texmf-dist/fonts/type1/public/amsfonts/cm/cmmi10.pfb></usr/sh
are/texmf-dist/fonts/type1/public/amsfonts/cm/cmmi12.pfb></usr/share/texmf-dist/
fonts/type1/public/amsfonts/cm/cmr12.pfb></usr/share/texmf-dist/fonts/type1/publ
ic/amsfonts/cm/cmsy10.pfb>
Output written on Anteproyecto-PPS-Juan-Ignacio-Gone.pdf (40 pages, 232146 bytes
).

PDF statistics: 776 PDF objects out of 1000 (max. 8388607)
 681 compressed objects within 7 object streams
 181 named destinations out of 1000 (max. 1048576)
 528 words of extra memory for PDF output out of 10000 (max. 100000000)

